control_id,reference_event_id,state,district,latitude,longitude,control_start,control_end,rainfall_1h_mm,rainfall_24h_mm,rainfall_72h_mm,rainfall_7d_mm,rainfall_source,coverage,quality,source,notes
CTRL-2021-AR-001,NEI-2021-AR-001,Arunachal Pradesh,Papum Pare,27.241524,93.335972,2021-01-10,2021-01-17,0.0,0.0,0.0,0.0,CWC / IMD dry-season baseline monitoring,100.0%,CANDIDATE_CONTROL,LANDSLIDENEI candidate control selection logic,CANDIDATE_CONTROL ONLY: Non-monsoon observation period at historical event site (Leporiang) with no documented landslide in NESAC inventory. CRITICAL: NOT confirmed non-landslide. Must NOT be used as binary 0 negative training labels without independent satellite/field confirmation.
CTRL-2021-AR-002,NEI-2021-AR-002,Arunachal Pradesh,Upper Siang,28.849609,94.748649,2021-02-05,2021-02-12,0.0,0.0,0.0,0.0,CWC / IMD dry-season baseline monitoring,100.0%,CANDIDATE_CONTROL,LANDSLIDENEI candidate control selection logic,CANDIDATE_CONTROL ONLY: Non-monsoon observation period at historical event site (Between Tuting and Yingkiong) with no documented landslide in NESAC inventory. CRITICAL: NOT confirmed non-landslide. Must NOT be used as binary 0 negative training labels without independent satellite/field confirmation.
CTRL-2021-AR-003,NEI-2021-AR-003,Arunachal Pradesh,East Siang,28.122053,95.274842,2021-11-15,2021-11-22,0.0,0.0,0.0,0.0,CWC / IMD dry-season baseline monitoring,100.0%,CANDIDATE_CONTROL,LANDSLIDENEI candidate control selection logic,CANDIDATE_CONTROL ONLY: Non-monsoon observation period at historical event site (Sirki waterfall 4kms from Pasighat near towards Pangin and Aalo) with no documented landslide in NESAC inventory. CRITICAL: NOT confirmed non-landslide. Must NOT be used as binary 0 negative training labels without independent satellite/field confirmation.
CTRL-2021-AR-004,NEI-2021-AR-004,Arunachal Pradesh,West Siang,27.784222,94.721322,2021-01-10,2021-01-17,0.0,0.0,0.0,0.0,CWC / IMD dry-season baseline monitoring,100.0%,CANDIDATE_CONTROL,LANDSLIDENEI candidate control selection logic,CANDIDATE_CONTROL ONLY: Non-monsoon observation period at historical event site (Between Likabali and Basar) with no documented landslide in NESAC inventory. CRITICAL: NOT confirmed non-landslide. Must NOT be used as binary 0 negative training labels without independent satellite/field confirmation.
CTRL-2021-AR-005,NEI-2021-AR-005,Arunachal Pradesh,East Siang,28.153611,95.181389,2021-02-05,2021-02-12,0.0,0.0,0.0,0.0,CWC / IMD dry-season baseline monitoring,100.0%,CANDIDATE_CONTROL,LANDSLIDENEI candidate control selection logic,CANDIDATE_CONTROL ONLY: Non-monsoon observation period at historical event site (Rotlung Village at Kebang) with no documented landslide in NESAC inventory. CRITICAL: NOT confirmed non-landslide. Must NOT be used as binary 0 negative training labels without independent satellite/field confirmation.
CTRL-2021-AR-006,NEI-2021-AR-006,Arunachal Pradesh,Upper Siang,28.936253,94.842537,2021-11-15,2021-11-22,0.0,0.0,0.0,0.0,CWC / IMD dry-season baseline monitoring,100.0%,CANDIDATE_CONTROL,LANDSLIDENEI candidate control selection logic,CANDIDATE_CONTROL ONLY: Non-monsoon observation period at historical event site (Pekong Village) with no documented landslide in NESAC inventory. CRITICAL: NOT confirmed non-landslide. Must NOT be used as binary 0 negative training labels without independent satellite/field confirmation.
CTRL-2021-AR-007,NEI-2021-AR-007,Arunachal Pradesh,Upper Subansiri,27.965813,94.467809,2021-01-10,2021-01-17,0.0,0.0,0.0,0.0,CWC / IMD dry-season baseline monitoring,100.0%,CANDIDATE_CONTROL,LANDSLIDENEI candidate control selection logic,CANDIDATE_CONTROL ONLY: Non-monsoon observation period at historical event site (Tode Village) with no documented landslide in NESAC inventory. CRITICAL: NOT confirmed non-landslide. Must NOT be used as binary 0 negative training labels without independent satellite/field confirmation.
CTRL-2021-AR-008,NEI-2021-AR-008,Arunachal Pradesh,West Kameng,27.326763,92.43801,2021-02-05,2021-02-12,0.0,0.0,0.0,0.0,CWC / IMD dry-season baseline monitoring,100.0%,CANDIDATE_CONTROL,LANDSLIDENEI candidate control selection logic,"CANDIDATE_CONTROL ONLY: Non-monsoon observation period at historical event site (77.200 km in Bhalukpong-Charduar-Tawang (BCT) road Saddle, Nechiphu near) with no documented landslide in NESAC inventory. CRITICAL: NOT confirmed non-landslide. Must NOT be used as binary 0 negative training labels without independent satellite/field confirmation."
CTRL-2021-AR-009,NEI-2021-AR-009,Arunachal Pradesh,Papum Pare,27.095983,93.622322,2021-11-15,2021-11-22,0.0,0.0,0.0,0.0,CWC / IMD dry-season baseline monitoring,100.0%,CANDIDATE_CONTROL,LANDSLIDENEI candidate control selection logic,"CANDIDATE_CONTROL ONLY: Non-monsoon observation period at historical event site (Near Indra Gandhi Park entry gate, Itanagar) with no documented landslide in NESAC inventory. CRITICAL: NOT confirmed non-landslide. Must NOT be used as binary 0 negative training labels without independent satellite/field confirmation."
CTRL-2021-AR-010,NEI-2021-AR-010,Arunachal Pradesh,West Kameng,27.208119,92.479767,2021-01-10,2021-01-17,0.0,0.0,0.0,0.0,CWC / IMD dry-season baseline monitoring,100.0%,CANDIDATE_CONTROL,LANDSLIDENEI candidate control selection logic,CANDIDATE_CONTROL ONLY: Non-monsoon observation period at historical event site (80.3-km between Nechiphu and Saddle) with no documented landslide in NESAC inventory. CRITICAL: NOT confirmed non-landslide. Must NOT be used as binary 0 negative training labels without independent satellite/field confirmation.
CTRL-2021-AR-011,NEI-2021-AR-011,Arunachal Pradesh,Tirap,26.911944,95.603611,2021-02-05,2021-02-12,0.0,0.0,0.0,0.0,CWC / IMD dry-season baseline monitoring,100.0%,CANDIDATE_CONTROL,LANDSLIDENEI candidate control selection logic,CANDIDATE_CONTROL ONLY: Non-monsoon observation period at historical event site (Kuthong Village in Tirap District) with no documented landslide in NESAC inventory. CRITICAL: NOT confirmed non-landslide. Must NOT be used as binary 0 negative training labels without independent satellite/field confirmation.
CTRL-2021-AR-012,NEI-2021-AR-012,Arunachal Pradesh,Upper Siang,28.214774,95.235101,2021-11-15,2021-11-22,0.0,0.0,0.0,0.0,CWC / IMD dry-season baseline monitoring,100.0%,CANDIDATE_CONTROL,LANDSLIDENEI candidate control selection logic,CANDIDATE_CONTROL ONLY: Non-monsoon observation period at historical event site (Pasighat to Yignkiong (100 kms from Yingkiong)) with no documented landslide in NESAC inventory. CRITICAL: NOT confirmed non-landslide. Must NOT be used as binary 0 negative training labels without independent satellite/field confirmation.
CTRL-2021-AR-013,NEI-2021-AR-013,Arunachal Pradesh,West Siang,27.796145,94.71335,2021-01-10,2021-01-17,0.0,0.0,0.0,0.0,CWC / IMD dry-season baseline monitoring,100.0%,CANDIDATE_CONTROL,LANDSLIDENEI candidate control selection logic,"CANDIDATE_CONTROL ONLY: Non-monsoon observation period at historical event site (Garu, 25 km from Likabali near) with no documented landslide in NESAC inventory. CRITICAL: NOT confirmed non-landslide. Must NOT be used as binary 0 negative training labels without independent satellite/field confirmation."
CTRL-2021-AR-014,NEI-2021-AR-014,Arunachal Pradesh,West Kameng,27.186597,92.303984,2021-02-05,2021-02-12,0.0,0.0,0.0,0.0,CWC / IMD dry-season baseline monitoring,100.0%,CANDIDATE_CONTROL,LANDSLIDENEI candidate control selection logic,CANDIDATE_CONTROL ONLY: Non-monsoon observation period at historical event site (between Membachur and Garbow villages) with no documented landslide in NESAC inventory. CRITICAL: NOT confirmed non-landslide. Must NOT be used as binary 0 negative training labels without independent satellite/field confirmation.
CTRL-2021-AR-015,NEI-2021-AR-015,Arunachal Pradesh,East Siang,28.233722,94.9963,2021-11-15,2021-11-22,0.0,0.0,0.0,0.0,CWC / IMD dry-season baseline monitoring,100.0%,CANDIDATE_CONTROL,LANDSLIDENEI candidate control selection logic,CANDIDATE_CONTROL ONLY: Non-monsoon observation period at historical event site (Sangam Bridge Collapse Pangin near) with no documented landslide in NESAC inventory. CRITICAL: NOT confirmed non-landslide. Must NOT be used as binary 0 negative training labels without independent satellite/field confirmation.
CTRL-2021-AR-016,NEI-2021-AR-016,Arunachal Pradesh,Lower Subansiri,27.794025,94.073954,2021-01-10,2021-01-17,0.0,0.0,0.0,0.0,CWC / IMD dry-season baseline monitoring,100.0%,CANDIDATE_CONTROL,LANDSLIDENEI candidate control selection logic,CANDIDATE_CONTROL ONLY: Non-monsoon observation period at historical event site (Raga headquarters) with no documented landslide in NESAC inventory. CRITICAL: NOT confirmed non-landslide. Must NOT be used as binary 0 negative training labels without independent satellite/field confirmation.
CTRL-2021-AR-017,NEI-2021-AR-017,Arunachal Pradesh,West Kameng,27.104442,92.566072,2021-02-05,2021-02-12,0.0,0.0,0.0,0.0,CWC / IMD dry-season baseline monitoring,100.0%,CANDIDATE_CONTROL,LANDSLIDENEI candidate control selection logic,CANDIDATE_CONTROL ONLY: Non-monsoon observation period at historical event site (20 ocations along BCT Road between Sessa and Nechippu) with no documented landslide in NESAC inventory. CRITICAL: NOT confirmed non-landslide. Must NOT be used as binary 0 negative training labels without independent satellite/field confirmation.
CTRL-2021-AS-018,NEI-2021-AS-001,Assam,Kamrup Metropolitan,26.162784,91.694636,2021-11-15,2021-11-22,0.0,0.0,0.0,0.0,CWC / IMD dry-season baseline monitoring,100.0%,CANDIDATE_CONTROL,LANDSLIDENEI candidate control selection logic,CANDIDATE_CONTROL ONLY: Non-monsoon observation period at historical event site (Water Works Colony) with no documented landslide in NESAC inventory. CRITICAL: NOT confirmed non-landslide. Must NOT be used as binary 0 negative training labels without independent satellite/field confirmation.
CTRL-2021-AS-019,NEI-2021-AS-002,Assam,Nagaon,26.574761,93.110996,2021-01-10,2021-01-17,0.0,0.0,0.0,0.0,CWC / IMD dry-season baseline monitoring,100.0%,CANDIDATE_CONTROL,LANDSLIDENEI candidate control selection logic,CANDIDATE_CONTROL ONLY: Non-monsoon observation period at historical event site (Kaliabor) with no documented landslide in NESAC inventory. CRITICAL: NOT confirmed non-landslide. Must NOT be used as binary 0 negative training labels without independent satellite/field confirmation.
CTRL-2021-AS-020,NEI-2021-AS-003,Assam,Kamrup Metropolitan,26.170251,91.690161,2021-02-05,2021-02-12,0.0,0.0,0.0,0.0,CWC / IMD dry-season baseline monitoring,100.0%,CANDIDATE_CONTROL,LANDSLIDENEI candidate control selection logic,CANDIDATE_CONTROL ONLY: Non-monsoon observation period at historical event site (Guwahati) with no documented landslide in NESAC inventory. CRITICAL: NOT confirmed non-landslide. Must NOT be used as binary 0 negative training labels without independent satellite/field confirmation.
CTRL-2021-AS-021,NEI-2021-AS-004,Assam,Kamrup Metropolitan,26.154238,91.810523,2021-11-15,2021-11-22,0.0,0.0,0.0,0.0,CWC / IMD dry-season baseline monitoring,100.0%,CANDIDATE_CONTROL,LANDSLIDENEI candidate control selection logic,CANDIDATE_CONTROL ONLY: Non-monsoon observation period at historical event site (Borbari) with no documented landslide in NESAC inventory. CRITICAL: NOT confirmed non-landslide. Must NOT be used as binary 0 negative training labels without independent satellite/field confirmation.
CTRL-2021-MA-022,NEI-2021-MN-001,Manipur,Senapati,25.217562,93.820138,2021-01-10,2021-01-17,0.0,0.0,0.0,0.0,CWC / IMD dry-season baseline monitoring,100.0%,CANDIDATE_CONTROL,LANDSLIDENEI candidate control selection logic,CANDIDATE_CONTROL ONLY: Non-monsoon observation period at historical event site (Between Tujang Waichong and Selsi Village) with no documented landslide in NESAC inventory. CRITICAL: NOT confirmed non-landslide. Must NOT be used as binary 0 negative training labels without independent satellite/field confirmation.
CTRL-2021-MA-023,NEI-2021-MN-002,Manipur,Tamenglong,25.241119,93.857702,2021-02-05,2021-02-12,0.0,0.0,0.0,0.0,CWC / IMD dry-season baseline monitoring,100.0%,CANDIDATE_CONTROL,LANDSLIDENEI candidate control selection logic,CANDIDATE_CONTROL ONLY: Non-monsoon observation period at historical event site (Lamlenkon in Tujang Vaichong) with no documented landslide in NESAC inventory. CRITICAL: NOT confirmed non-landslide. Must NOT be used as binary 0 negative training labels without independent satellite/field confirmation.
CTRL-2021-MA-024,NEI-2021-MN-003,Manipur,Churachandpur,24.503658,93.509375,2021-11-15,2021-11-22,0.0,0.0,0.0,0.0,CWC / IMD dry-season baseline monitoring,100.0%,CANDIDATE_CONTROL,LANDSLIDENEI candidate control selection logic,CANDIDATE_CONTROL ONLY: Non-monsoon observation period at historical event site (S Kholep village) with no documented landslide in NESAC inventory. CRITICAL: NOT confirmed non-landslide. Must NOT be used as binary 0 negative training labels without independent satellite/field confirmation.
CTRL-2021-MA-025,NEI-2021-MN-004,Manipur,Tamenglong,24.826041,93.56119,2021-01-10,2021-01-17,0.0,0.0,0.0,0.0,CWC / IMD dry-season baseline monitoring,100.0%,CANDIDATE_CONTROL,LANDSLIDENEI candidate control selection logic,CANDIDATE_CONTROL ONLY: Non-monsoon observation period at historical event site (5 km from Awang Khul Village away) with no documented landslide in NESAC inventory. CRITICAL: NOT confirmed non-landslide. Must NOT be used as binary 0 negative training labels without independent satellite/field confirmation.
CTRL-2021-MA-026,NEI-2021-MN-005,Manipur,Tamenglong,25.158298,93.677995,2021-02-05,2021-02-12,0.0,0.0,0.0,0.0,CWC / IMD dry-season baseline monitoring,100.0%,CANDIDATE_CONTROL,LANDSLIDENEI candidate control selection logic,CANDIDATE_CONTROL ONLY: Non-monsoon observation period at historical event site (Tamei Village) with no documented landslide in NESAC inventory. CRITICAL: NOT confirmed non-landslide. Must NOT be used as binary 0 negative training labels without independent satellite/field confirmation.
CTRL-2021-MA-027,NEI-2021-MN-006,Manipur,Tamenglong,25.158298,93.677995,2021-11-15,2021-11-22,0.0,0.0,0.0,0.0,CWC / IMD dry-season baseline monitoring,100.0%,CANDIDATE_CONTROL,LANDSLIDENEI candidate control selection logic,CANDIDATE_CONTROL ONLY: Non-monsoon observation period at historical event site (Tamei Village) with no documented landslide in NESAC inventory. CRITICAL: NOT confirmed non-landslide. Must NOT be used as binary 0 negative training labels without independent satellite/field confirmation.
CTRL-2021-MA-028,NEI-2021-MN-007,Manipur,Chandel,24.319566,94.160246,2021-01-10,2021-01-17,0.0,0.0,0.0,0.0,CWC / IMD dry-season baseline monitoring,100.0%,CANDIDATE_CONTROL,LANDSLIDENEI candidate control selection logic,CANDIDATE_CONTROL ONLY: Non-monsoon observation period at historical event site (Chahmol Village) with no documented landslide in NESAC inventory. CRITICAL: NOT confirmed non-landslide. Must NOT be used as binary 0 negative training labels without independent satellite/field confirmation.
CTRL-2021-MA-029,NEI-2021-MN-008,Manipur,Tamenglong,24.818353,93.440246,2021-02-05,2021-02-12,0.0,0.0,0.0,0.0,CWC / IMD dry-season baseline monitoring,100.0%,CANDIDATE_CONTROL,LANDSLIDENEI candidate control selection logic,"CANDIDATE_CONTROL ONLY: Non-monsoon observation period at historical event site (8km towards Thingou, 15 km north from Nungba PS) with no documented landslide in NESAC inventory. CRITICAL: NOT confirmed non-landslide. Must NOT be used as binary 0 negative training labels without independent satellite/field confirmation."
CTRL-2021-MA-030,NEI-2021-MN-009,Manipur,Ukhrul,25.091769,94.358421,2021-11-15,2021-11-22,0.0,0.0,0.0,0.0,CWC / IMD dry-season baseline monitoring,100.0%,CANDIDATE_CONTROL,LANDSLIDENEI candidate control selection logic,"CANDIDATE_CONTROL ONLY: Non-monsoon observation period at historical event site (Mini Secretariat Complex, Hamleikhong) with no documented landslide in NESAC inventory. CRITICAL: NOT confirmed non-landslide. Must NOT be used as binary 0 negative training labels without independent satellite/field confirmation."
CTRL-2021-MA-031,NEI-2021-MN-010,Manipur,Tamenglong,24.767366,93.332535,2021-01-10,2021-01-17,0.0,0.0,0.0,0.0,CWC / IMD dry-season baseline monitoring,100.0%,CANDIDATE_CONTROL,LANDSLIDENEI candidate control selection logic,CANDIDATE_CONTROL ONLY: Non-monsoon observation period at historical event site (Sibilong Temple) with no documented landslide in NESAC inventory. CRITICAL: NOT confirmed non-landslide. Must NOT be used as binary 0 negative training labels without independent satellite/field confirmation.
CTRL-2021-MA-032,NEI-2021-MN-011,Manipur,Chandel,24.005219,93.915829,2021-02-05,2021-02-12,0.0,0.0,0.0,0.0,CWC / IMD dry-season baseline monitoring,100.0%,CANDIDATE_CONTROL,LANDSLIDENEI candidate control selection logic,CANDIDATE_CONTROL ONLY: Non-monsoon observation period at historical event site (KhulmuIen-Sajik Road in Sajik Val ey) with no documented landslide in NESAC inventory. CRITICAL: NOT confirmed non-landslide. Must NOT be used as binary 0 negative training labels without independent satellite/field confirmation.
CTRL-2021-ME-033,NEI-2021-ML-001,Meghalaya,East Khasi Hills,25.585545,91.86466,2021-11-15,2021-11-22,0.0,0.0,0.0,0.0,CWC / IMD dry-season baseline monitoring,100.0%,CANDIDATE_CONTROL,LANDSLIDENEI candidate control selection logic,CANDIDATE_CONTROL ONLY: Non-monsoon observation period at historical event site (Sonapani Hydro-Electric Power Project) with no documented landslide in NESAC inventory. CRITICAL: NOT confirmed non-landslide. Must NOT be used as binary 0 negative training labels without independent satellite/field confirmation.
CTRL-2021-ME-034,NEI-2021-ML-002,Meghalaya,West Garo Hills,25.499358,90.214668,2021-01-10,2021-01-17,0.0,0.0,0.0,0.0,CWC / IMD dry-season baseline monitoring,100.0%,CANDIDATE_CONTROL,LANDSLIDENEI candidate control selection logic,CANDIDATE_CONTROL ONLY: Non-monsoon observation period at historical event site (Tura-Dalu stretch) with no documented landslide in NESAC inventory. CRITICAL: NOT confirmed non-landslide. Must NOT be used as binary 0 negative training labels without independent satellite/field confirmation.
CTRL-2021-ME-035,NEI-2021-ML-003,Meghalaya,Jaintia Hills,25.081742,92.362063,2021-02-05,2021-02-12,0.0,0.0,0.0,0.0,CWC / IMD dry-season baseline monitoring,100.0%,CANDIDATE_CONTROL,LANDSLIDENEI candidate control selection logic,"CANDIDATE_CONTROL ONLY: Non-monsoon observation period at historical event site (Kuliang Village, Khilerihat) with no documented landslide in NESAC inventory. CRITICAL: NOT confirmed non-landslide. Must NOT be used as binary 0 negative training labels without independent satellite/field confirmation."
CTRL-2021-ME-036,NEI-2021-ML-004,Meghalaya,South Garo Hills,25.202693,90.831915,2021-11-15,2021-11-22,0.0,0.0,0.0,0.0,CWC / IMD dry-season baseline monitoring,100.0%,CANDIDATE_CONTROL,LANDSLIDENEI candidate control selection logic,CANDIDATE_CONTROL ONLY: Non-monsoon observation period at historical event site (Malikona Village Baghmara town) with no documented landslide in NESAC inventory. CRITICAL: NOT confirmed non-landslide. Must NOT be used as binary 0 negative training labels without independent satellite/field confirmation.
CTRL-2021-MI-037,NEI-2021-MZ-001,Mizoram,Lawngtlai,22.130154,92.761693,2021-01-10,2021-01-17,0.0,0.0,0.0,0.0,CWC / IMD dry-season baseline monitoring,100.0%,CANDIDATE_CONTROL,LANDSLIDENEI candidate control selection logic,CANDIDATE_CONTROL ONLY: Non-monsoon observation period at historical event site (Zochachhuah) with no documented landslide in NESAC inventory. CRITICAL: NOT confirmed non-landslide. Must NOT be used as binary 0 negative training labels without independent satellite/field confirmation.
CTRL-2021-MI-038,NEI-2021-MZ-002,Mizoram,Lunglei,22.805047,92.816565,2021-02-05,2021-02-12,0.0,0.0,0.0,0.0,CWC / IMD dry-season baseline monitoring,100.0%,CANDIDATE_CONTROL,LANDSLIDENEI candidate control selection logic,CANDIDATE_CONTROL ONLY: Non-monsoon observation period at historical event site (Bualtei) with no documented landslide in NESAC inventory. CRITICAL: NOT confirmed non-landslide. Must NOT be used as binary 0 negative training labels without independent satellite/field confirmation.
CTRL-2021-MI-039,NEI-2021-MZ-003,Mizoram,Aizawl,23.74192,92.741738,2021-11-15,2021-11-22,0.0,0.0,0.0,0.0,CWC / IMD dry-season baseline monitoring,100.0%,CANDIDATE_CONTROL,LANDSLIDENEI candidate control selection logic,CANDIDATE_CONTROL ONLY: Non-monsoon observation period at historical event site (Tnuampui) with no documented landslide in NESAC inventory. CRITICAL: NOT confirmed non-landslide. Must NOT be used as binary 0 negative training labels without independent satellite/field confirmation.
CTRL-2021-MI-040,NEI-2021-MZ-004,Mizoram,Aizawl,23.689863,92.859428,2021-01-10,2021-01-17,0.0,0.0,0.0,0.0,CWC / IMD dry-season baseline monitoring,100.0%,CANDIDATE_CONTROL,LANDSLIDENEI candidate control selection logic,CANDIDATE_CONTROL ONLY: Non-monsoon observation period at historical event site (Thingsulthliah Village) with no documented landslide in NESAC inventory. CRITICAL: NOT confirmed non-landslide. Must NOT be used as binary 0 negative training labels without independent satellite/field confirmation.
CTRL-2021-NA-041,NEI-2021-NL-001,Nagaland,Dimapur,25.793499,93.805655,2021-02-05,2021-02-12,0.0,0.0,0.0,0.0,CWC / IMD dry-season baseline monitoring,100.0%,CANDIDATE_CONTROL,LANDSLIDENEI candidate control selection logic,CANDIDATE_CONTROL ONLY: Non-monsoon observation period at historical event site (Near TL Park between Chumoukedima and Kukidalong) with no documented landslide in NESAC inventory. CRITICAL: NOT confirmed non-landslide. Must NOT be used as binary 0 negative training labels without independent satellite/field confirmation.
CTRL-2021-NA-042,NEI-2021-NL-002,Nagaland,Dimapur,25.772599,93.806,2021-11-15,2021-11-22,0.0,0.0,0.0,0.0,CWC / IMD dry-season baseline monitoring,100.0%,CANDIDATE_CONTROL,LANDSLIDENEI candidate control selection logic,CANDIDATE_CONTROL ONLY: Non-monsoon observation period at historical event site (Near TL Park between Chumoukedima and Kukidalong) with no documented landslide in NESAC inventory. CRITICAL: NOT confirmed non-landslide. Must NOT be used as binary 0 negative training labels without independent satellite/field confirmation.
CTRL-2021-NA-043,NEI-2021-NL-003,Nagaland,Wokha,26.092899,94.254627,2021-01-10,2021-01-17,0.0,0.0,0.0,0.0,CWC / IMD dry-season baseline monitoring,100.0%,CANDIDATE_CONTROL,LANDSLIDENEI candidate control selection logic,CANDIDATE_CONTROL ONLY: Non-monsoon observation period at historical event site (Lower Etsuchuka Colony) with no documented landslide in NESAC inventory. CRITICAL: NOT confirmed non-landslide. Must NOT be used as binary 0 negative training labels without independent satellite/field confirmation.
CTRL-2021-NA-044,NEI-2021-NL-004,Nagaland,Tuensang,26.046657,94.767115,2021-02-05,2021-02-12,0.0,0.0,0.0,0.0,CWC / IMD dry-season baseline monitoring,100.0%,CANDIDATE_CONTROL,LANDSLIDENEI candidate control selection logic,CANDIDATE_CONTROL ONLY: Non-monsoon observation period at historical event site (Wangshu Village) with no documented landslide in NESAC inventory. CRITICAL: NOT confirmed non-landslide. Must NOT be used as binary 0 negative training labels without independent satellite/field confirmation.
CTRL-2021-NA-045,NEI-2021-NL-005,Nagaland,Phek,25.657788,94.438812,2021-11-15,2021-11-22,0.0,0.0,0.0,0.0,CWC / IMD dry-season baseline monitoring,100.0%,CANDIDATE_CONTROL,LANDSLIDENEI candidate control selection logic,CANDIDATE_CONTROL ONLY: Non-monsoon observation period at historical event site (Landslide between Losami and Phek Village) with no documented landslide in NESAC inventory. CRITICAL: NOT confirmed non-landslide. Must NOT be used as binary 0 negative training labels without independent satellite/field confirmation.
CTRL-2021-NA-046,NEI-2021-NL-006,Nagaland,Wokha,26.096249,94.254289,2021-01-10,2021-01-17,0.0,0.0,0.0,0.0,CWC / IMD dry-season baseline monitoring,100.0%,CANDIDATE_CONTROL,LANDSLIDENEI candidate control selection logic,CANDIDATE_CONTROL ONLY: Non-monsoon observation period at historical event site (Police Point) with no documented landslide in NESAC inventory. CRITICAL: NOT confirmed non-landslide. Must NOT be used as binary 0 negative training labels without independent satellite/field confirmation.
CTRL-2021-NA-047,NEI-2021-NL-007,Nagaland,Wokha,26.091211,94.246956,2021-02-05,2021-02-12,0.0,0.0,0.0,0.0,CWC / IMD dry-season baseline monitoring,100.0%,CANDIDATE_CONTROL,LANDSLIDENEI candidate control selection logic,CANDIDATE_CONTROL ONLY: Non-monsoon observation period at historical event site (Airfield Co ony) with no documented landslide in NESAC inventory. CRITICAL: NOT confirmed non-landslide. Must NOT be used as binary 0 negative training labels without independent satellite/field confirmation.
CTRL-2021-NA-048,NEI-2021-NL-008,Nagaland,Wokha,26.208542,94.221938,2021-11-15,2021-11-22,0.0,0.0,0.0,0.0,CWC / IMD dry-season baseline monitoring,100.0%,CANDIDATE_CONTROL,LANDSLIDENEI candidate control selection logic,CANDIDATE_CONTROL ONLY: Non-monsoon observation period at historical event site (Between Sanis and Doyang) with no documented landslide in NESAC inventory. CRITICAL: NOT confirmed non-landslide. Must NOT be used as binary 0 negative training labels without independent satellite/field confirmation.
CTRL-2021-NA-049,NEI-2021-NL-009,Nagaland,Dimapur,25.766187,93.940678,2021-01-10,2021-01-17,0.0,0.0,0.0,0.0,CWC / IMD dry-season baseline monitoring,100.0%,CANDIDATE_CONTROL,LANDSLIDENEI candidate control selection logic,CANDIDATE_CONTROL ONLY: Non-monsoon observation period at historical event site (Piphema) with no documented landslide in NESAC inventory. CRITICAL: NOT confirmed non-landslide. Must NOT be used as binary 0 negative training labels without independent satellite/field confirmation.
CTRL-2021-NA-050,NEI-2021-NL-010,Nagaland,Kiphire,25.7623,94.863047,2021-02-05,2021-02-12,0.0,0.0,0.0,0.0,CWC / IMD dry-season baseline monitoring,100.0%,CANDIDATE_CONTROL,LANDSLIDENEI candidate control selection logic,CANDIDATE_CONTROL ONLY: Non-monsoon observation period at historical event site (Pungro-Mimi axis Longkhimong village near) with no documented landslide in NESAC inventory. CRITICAL: NOT confirmed non-landslide. Must NOT be used as binary 0 negative training labels without independent satellite/field confirmation.
CTRL-2021-NA-051,NEI-2021-NL-011,Nagaland,Phek,25.603106,94.686755,2021-11-15,2021-11-22,0.0,0.0,0.0,0.0,CWC / IMD dry-season baseline monitoring,100.0%,CANDIDATE_CONTROL,LANDSLIDENEI candidate control selection logic,CANDIDATE_CONTROL ONLY: Non-monsoon observation period at historical event site (Ziphu) with no documented landslide in NESAC inventory. CRITICAL: NOT confirmed non-landslide. Must NOT be used as binary 0 negative training labels without independent satellite/field confirmation.
CTRL-2021-NA-052,NEI-2021-NL-012,Nagaland,Phek,25.659725,94.409427,2021-01-10,2021-01-17,0.0,0.0,0.0,0.0,CWC / IMD dry-season baseline monitoring,100.0%,CANDIDATE_CONTROL,LANDSLIDENEI candidate control selection logic,CANDIDATE_CONTROL ONLY: Non-monsoon observation period at historical event site () with no documented landslide in NESAC inventory. CRITICAL: NOT confirmed non-landslide. Must NOT be used as binary 0 negative training labels without independent satellite/field confirmation.
CTRL-2021-NA-053,NEI-2021-NL-013,Nagaland,Phek,25.723469,94.402948,2021-02-05,2021-02-12,0.0,0.0,0.0,0.0,CWC / IMD dry-season baseline monitoring,100.0%,CANDIDATE_CONTROL,LANDSLIDENEI candidate control selection logic,CANDIDATE_CONTROL ONLY: Non-monsoon observation period at historical event site () with no documented landslide in NESAC inventory. CRITICAL: NOT confirmed non-landslide. Must NOT be used as binary 0 negative training labels without independent satellite/field confirmation.
CTRL-2021-NA-054,NEI-2021-NL-014,Nagaland,Tuensang,26.250081,95.061502,2021-11-15,2021-11-22,0.0,0.0,0.0,0.0,CWC / IMD dry-season baseline monitoring,100.0%,CANDIDATE_CONTROL,LANDSLIDENEI candidate control selection logic,CANDIDATE_CONTROL ONLY: Non-monsoon observation period at historical event site (Wensoi Village) with no documented landslide in NESAC inventory. CRITICAL: NOT confirmed non-landslide. Must NOT be used as binary 0 negative training labels without independent satellite/field confirmation.
CTRL-2021-NA-055,NEI-2021-NL-015,Nagaland,Tuensang,26.232589,94.939423,2021-01-10,2021-01-17,0.0,0.0,0.0,0.0,CWC / IMD dry-season baseline monitoring,100.0%,CANDIDATE_CONTROL,LANDSLIDENEI candidate control selection logic,CANDIDATE_CONTROL ONLY: Non-monsoon observation period at historical event site (Chendang Saddle and Noklak) with no documented landslide in NESAC inventory. CRITICAL: NOT confirmed non-landslide. Must NOT be used as binary 0 negative training labels without independent satellite/field confirmation.
CTRL-2021-SI-056,NEI-2021-SK-001,Sikkim,East Sikkim,27.250224,88.614992,2021-02-05,2021-02-12,0.0,0.0,0.0,0.0,CWC / IMD dry-season baseline monitoring,100.0%,CANDIDATE_CONTROL,LANDSLIDENEI candidate control selection logic,CANDIDATE_CONTROL ONLY: Non-monsoon observation period at historical event site (Samsing Shanti turn) with no documented landslide in NESAC inventory. CRITICAL: NOT confirmed non-landslide. Must NOT be used as binary 0 negative training labels without independent satellite/field confirmation.
CTRL-2021-SI-057,NEI-2021-SK-002,Sikkim,West Sikkim,27.1624,88.152087,2021-11-15,2021-11-22,0.0,0.0,0.0,0.0,CWC / IMD dry-season baseline monitoring,100.0%,CANDIDATE_CONTROL,LANDSLIDENEI candidate control selection logic,CANDIDATE_CONTROL ONLY: Non-monsoon observation period at historical event site (Muneew Taraybhir stretch) with no documented landslide in NESAC inventory. CRITICAL: NOT confirmed non-landslide. Must NOT be used as binary 0 negative training labels without independent satellite/field confirmation.
CTRL-2021-SI-058,NEI-2021-SK-003,Sikkim,South Sikkim,27.090965,88.45744,2021-01-10,2021-01-17,0.0,0.0,0.0,0.0,CWC / IMD dry-season baseline monitoring,100.0%,CANDIDATE_CONTROL,LANDSLIDENEI candidate control selection logic,CANDIDATE_CONTROL ONLY: Non-monsoon observation period at historical event site (Melli Secondary School) with no documented landslide in NESAC inventory. CRITICAL: NOT confirmed non-landslide. Must NOT be used as binary 0 negative training labels without independent satellite/field confirmation.
CTRL-2021-SI-059,NEI-2021-SK-004,Sikkim,South Sikkim,27.090724,88.456816,2021-02-05,2021-02-12,0.0,0.0,0.0,0.0,CWC / IMD dry-season baseline monitoring,100.0%,CANDIDATE_CONTROL,LANDSLIDENEI candidate control selection logic,CANDIDATE_CONTROL ONLY: Non-monsoon observation period at historical event site (Melli Bazaar) with no documented landslide in NESAC inventory. CRITICAL: NOT confirmed non-landslide. Must NOT be used as binary 0 negative training labels without independent satellite/field confirmation.
CTRL-2021-SI-060,NEI-2021-SK-005,Sikkim,Kalimpong,27.142902,88.531935,2021-11-15,2021-11-22,0.0,0.0,0.0,0.0,CWC / IMD dry-season baseline monitoring,100.0%,CANDIDATE_CONTROL,LANDSLIDENEI candidate control selection logic,CANDIDATE_CONTROL ONLY: Non-monsoon observation period at historical event site (Mamkhola) with no documented landslide in NESAC inventory. CRITICAL: NOT confirmed non-landslide. Must NOT be used as binary 0 negative training labels without independent satellite/field confirmation.
CTRL-2021-SI-061,NEI-2021-SK-006,Sikkim,Kalimpong,27.10871,88.466754,2021-01-10,2021-01-17,0.0,0.0,0.0,0.0,CWC / IMD dry-season baseline monitoring,100.0%,CANDIDATE_CONTROL,LANDSLIDENEI candidate control selection logic,CANDIDATE_CONTROL ONLY: Non-monsoon observation period at historical event site (Melli near) with no documented landslide in NESAC inventory. CRITICAL: NOT confirmed non-landslide. Must NOT be used as binary 0 negative training labels without independent satellite/field confirmation.
CTRL-2021-SI-062,NEI-2021-SK-007,Sikkim,East Sikkim,27.32459,88.609439,2021-02-05,2021-02-12,0.0,0.0,0.0,0.0,CWC / IMD dry-season baseline monitoring,100.0%,CANDIDATE_CONTROL,LANDSLIDENEI candidate control selection logic,CANDIDATE_CONTROL ONLY: Non-monsoon observation period at historical event site (Pani House) with no documented landslide in NESAC inventory. CRITICAL: NOT confirmed non-landslide. Must NOT be used as binary 0 negative training labels without independent satellite/field confirmation.
CTRL-2021-SI-063,NEI-2021-SK-008,Sikkim,Kalimpong,27.09117,88.464695,2021-11-15,2021-11-22,0.0,0.0,0.0,0.0,CWC / IMD dry-season baseline monitoring,100.0%,CANDIDATE_CONTROL,LANDSLIDENEI candidate control selection logic,CANDIDATE_CONTROL ONLY: Non-monsoon observation period at historical event site (Bhalu Kho a) with no documented landslide in NESAC inventory. CRITICAL: NOT confirmed non-landslide. Must NOT be used as binary 0 negative training labels without independent satellite/field confirmation.
CTRL-2021-SI-064,NEI-2021-SK-009,Sikkim,East Sikkim,27.376583,88.728341,2021-01-10,2021-01-17,0.0,0.0,0.0,0.0,CWC / IMD dry-season baseline monitoring,100.0%,CANDIDATE_CONTROL,LANDSLIDENEI candidate control selection logic,CANDIDATE_CONTROL ONLY: Non-monsoon observation period at historical event site (Kyonsola waterfall to Tsongmo on way) with no documented landslide in NESAC inventory. CRITICAL: NOT confirmed non-landslide. Must NOT be used as binary 0 negative training labels without independent satellite/field confirmation.
CTRL-2021-SI-065,NEI-2021-SK-010,Sikkim,East Sikkim,27.255462,88.597286,2021-02-05,2021-02-12,0.0,0.0,0.0,0.0,CWC / IMD dry-season baseline monitoring,100.0%,CANDIDATE_CONTROL,LANDSLIDENEI candidate control selection logic,CANDIDATE_CONTROL ONLY: Non-monsoon observation period at historical event site (Basilakha) with no documented landslide in NESAC inventory. CRITICAL: NOT confirmed non-landslide. Must NOT be used as binary 0 negative training labels without independent satellite/field confirmation.
CTRL-2021-SI-066,NEI-2021-SK-011,Sikkim,East Sikkim,27.366542,88.487805,2021-11-15,2021-11-22,0.0,0.0,0.0,0.0,CWC / IMD dry-season baseline monitoring,100.0%,CANDIDATE_CONTROL,LANDSLIDENEI candidate control selection logic,CANDIDATE_CONTROL ONLY: Non-monsoon observation period at historical event site (Seley ward under Tumin Lingee Constituency) with no documented landslide in NESAC inventory. CRITICAL: NOT confirmed non-landslide. Must NOT be used as binary 0 negative training labels without independent satellite/field confirmation.
CTRL-2021-SI-067,NEI-2021-SK-012,Sikkim,South Sikkim,27.111336,88.325929,2021-01-10,2021-01-17,0.0,0.0,0.0,0.0,CWC / IMD dry-season baseline monitoring,100.0%,CANDIDATE_CONTROL,LANDSLIDENEI candidate control selection logic,CANDIDATE_CONTROL ONLY: Non-monsoon observation period at historical event site (Between Melli and Jorethang) with no documented landslide in NESAC inventory. CRITICAL: NOT confirmed non-landslide. Must NOT be used as binary 0 negative training labels without independent satellite/field confirmation.
CTRL-2021-SI-068,NEI-2021-SK-013,Sikkim,Kalimpong,26.939387,88.441413,2021-02-05,2021-02-12,0.0,0.0,0.0,0.0,CWC / IMD dry-season baseline monitoring,100.0%,CANDIDATE_CONTROL,LANDSLIDENEI candidate control selection logic,CANDIDATE_CONTROL ONLY: Non-monsoon observation period at historical event site (Seti jhora Kalimpong near) with no documented landslide in NESAC inventory. CRITICAL: NOT confirmed non-landslide. Must NOT be used as binary 0 negative training labels without independent satellite/field confirmation.
CTRL-2021-SI-069,NEI-2021-SK-014,Sikkim,West Sikkim,27.146369,88.280411,2021-11-15,2021-11-22,0.0,0.0,0.0,0.0,CWC / IMD dry-season baseline monitoring,100.0%,CANDIDATE_CONTROL,LANDSLIDENEI candidate control selection logic,CANDIDATE_CONTROL ONLY: Non-monsoon observation period at historical event site (Sisney Petrol Pump) with no documented landslide in NESAC inventory. CRITICAL: NOT confirmed non-landslide. Must NOT be used as binary 0 negative training labels without independent satellite/field confirmation.
CTRL-2021-SI-070,NEI-2021-SK-015,Sikkim,West Sikkim,27.221268,88.307456,2021-01-10,2021-01-17,0.0,0.0,0.0,0.0,CWC / IMD dry-season baseline monitoring,100.0%,CANDIDATE_CONTROL,LANDSLIDENEI candidate control selection logic,CANDIDATE_CONTROL ONLY: Non-monsoon observation period at historical event site (Reshi Bazaar) with no documented landslide in NESAC inventory. CRITICAL: NOT confirmed non-landslide. Must NOT be used as binary 0 negative training labels without independent satellite/field confirmation.
CTRL-2021-SI-071,NEI-2021-SK-016,Sikkim,East Sikkim,27.326815,88.61023,2021-02-05,2021-02-12,0.0,0.0,0.0,0.0,CWC / IMD dry-season baseline monitoring,100.0%,CANDIDATE_CONTROL,LANDSLIDENEI candidate control selection logic,CANDIDATE_CONTROL ONLY: Non-monsoon observation period at historical event site (Seesa Golai) with no documented landslide in NESAC inventory. CRITICAL: NOT confirmed non-landslide. Must NOT be used as binary 0 negative training labels without independent satellite/field confirmation.
CTRL-2021-SI-072,NEI-2021-SK-017,Sikkim,East Sikkim,27.343272,88.608275,2021-11-15,2021-11-22,0.0,0.0,0.0,0.0,CWC / IMD dry-season baseline monitoring,100.0%,CANDIDATE_CONTROL,LANDSLIDENEI candidate control selection logic,CANDIDATE_CONTROL ONLY: Non-monsoon observation period at historical event site () with no documented landslide in NESAC inventory. CRITICAL: NOT confirmed non-landslide. Must NOT be used as binary 0 negative training labels without independent satellite/field confirmation.
CTRL-2021-SI-073,NEI-2021-SK-018,Sikkim,West Sikkim,27.276428,88.158235,2021-01-10,2021-01-17,0.0,0.0,0.0,0.0,CWC / IMD dry-season baseline monitoring,100.0%,CANDIDATE_CONTROL,LANDSLIDENEI candidate control selection logic,CANDIDATE_CONTROL ONLY: Non-monsoon observation period at historical event site (Upper Bongten and Changay) with no documented landslide in NESAC inventory. CRITICAL: NOT confirmed non-landslide. Must NOT be used as binary 0 negative training labels without independent satellite/field confirmation.
CTRL-2021-TR-074,NEI-2021-TR-001,Tripura,South Tripura,23.2463,91.480725,2021-02-05,2021-02-12,0.0,0.0,0.0,0.0,CWC / IMD dry-season baseline monitoring,100.0%,CANDIDATE_CONTROL,LANDSLIDENEI candidate control selection logic,CANDIDATE_CONTROL ONLY: Non-monsoon observation period at historical event site (Sarsima of Belonia in South Tripura area) with no documented landslide in NESAC inventory. CRITICAL: NOT confirmed non-landslide. Must NOT be used as binary 0 negative training labels without independent satellite/field confirmation.
CTRL-2021-TR-075,NEI-2021-TR-002,Tripura,South Tripura,23.228158,91.494288,2021-11-15,2021-11-22,0.0,0.0,0.0,0.0,CWC / IMD dry-season baseline monitoring,100.0%,CANDIDATE_CONTROL,LANDSLIDENEI candidate control selection logic,CANDIDATE_CONTROL ONLY: Non-monsoon observation period at historical event site (Jharjhari Village) with no documented landslide in NESAC inventory. CRITICAL: NOT confirmed non-landslide. Must NOT be used as binary 0 negative training labels without independent satellite/field confirmation.
