rainfall_24h,rainfall_3d,rainfall_7d,slope,elevation,historical_landslide,distance_to_landslide,soil_risk,risk
12.8,43.0,101.8,25.1,240.2,0,4.05,0.49,Low
110.2,199.1,350.9,17.1,546.7,0,7.74,0.43,High
117.1,295.2,475.6,35.7,370.7,1,0.29,0.49,Critical
57.9,113.0,198.6,45.5,1388.9,1,3.37,0.49,Watch
71.1,149.0,202.1,0.5,48.5,0,24.24,0.38,Watch
15.2,43.4,96.1,29.0,99.0,1,0.05,0.42,Low
63.6,135.1,237.7,0.8,174.2,0,11.75,0.53,Watch
8.5,13.8,75.6,20.2,295.8,0,13.5,0.48,Low
89.7,159.4,316.1,32.8,2602.0,0,16.16,0.51,High
71.6,170.2,291.3,1.3,24.1,0,14.85,0.51,High
99.6,207.7,302.0,46.0,1978.0,0,12.05,0.53,High
62.2,104.9,194.6,16.3,1813.5,0,13.19,0.55,Watch
120.9,250.8,360.4,17.1,198.9,1,0.42,0.48,High
71.9,178.7,299.7,21.7,1307.7,1,1.24,0.54,High
118.0,205.4,369.6,48.8,960.8,1,0.05,0.56,High
126.8,237.0,448.1,31.8,4293.6,0,17.55,0.52,High
23.3,35.3,74.2,19.3,222.2,0,2.25,0.43,Low
70.5,118.5,186.9,22.9,1554.0,0,6.33,0.63,Watch
120.3,237.5,447.0,42.3,1831.1,1,1.78,0.49,High
105.6,200.7,374.6,20.2,499.7,0,1.6,0.56,High
51.3,111.1,172.5,25.7,879.0,0,14.46,0.57,Watch
23.2,52.5,106.2,35.2,1220.8,0,15.12,0.55,Low
3.9,14.6,46.6,2.3,109.0,0,38.63,0.36,Low
110.2,200.6,349.1,4.8,167.2,1,0.24,0.37,High
87.2,219.0,395.6,20.7,356.8,1,2.02,0.46,High
56.0,98.8,148.4,42.0,3352.3,0,27.31,0.57,Watch
87.3,199.0,349.8,39.5,2743.9,0,33.44,0.4,High
124.8,334.9,530.9,37.6,4341.3,0,32.43,0.35,Critical
60.6,100.6,195.4,14.7,74.6,1,0.25,0.41,Watch
60.1,149.7,269.2,35.9,1256.9,1,0.05,0.65,Watch
45.0,107.7,158.4,0.5,199.7,1,0.5,0.55,Watch
7.8,40.4,66.5,29.9,1067.1,1,0.74,0.54,Low
29.1,34.2,68.2,16.1,301.6,1,0.11,0.39,Low
230.3,459.4,655.7,0.5,129.8,0,49.61,0.39,Critical
26.3,62.1,91.6,0.7,36.3,1,0.05,0.31,Low
53.4,119.0,169.7,34.8,1767.6,0,6.8,0.6,Watch
188.5,302.4,457.5,14.3,431.8,0,3.35,0.49,Critical
159.0,288.4,514.9,49.7,1868.8,1,0.05,0.55,Critical
155.6,386.9,736.5,27.7,733.2,0,4.13,0.47,Critical
71.4,128.7,287.7,13.3,294.3,1,0.14,0.49,Watch
90.8,194.8,375.3,21.8,149.2,1,2.81,0.34,High
69.5,150.9,287.6,19.4,84.3,0,50.0,0.39,Watch
12.6,18.6,40.9,38.0,1254.0,1,0.26,0.55,Low
87.5,235.1,417.6,24.5,141.9,1,3.01,0.5,High
44.1,108.5,165.2,31.4,3179.0,0,11.77,0.6,Watch
225.9,342.1,602.7,11.4,711.4,1,0.06,0.52,Critical
6.0,30.1,80.6,27.0,1208.4,1,16.03,0.58,Low
127.6,232.6,467.1,12.6,868.9,0,14.51,0.48,High
69.4,112.5,254.7,6.3,128.4,0,5.65,0.33,Watch
146.3,329.3,625.3,11.8,546.7,1,0.38,0.49,Critical
51.8,125.8,240.2,30.3,478.6,1,0.35,0.54,Watch
128.9,202.9,305.6,24.6,113.5,0,5.55,0.49,High
76.6,195.7,374.6,10.0,778.0,1,0.49,0.54,High
259.5,471.6,759.3,8.9,127.8,1,0.14,0.42,Critical
238.0,436.6,766.7,2.6,109.7,0,42.79,0.45,Critical
94.2,163.7,302.5,39.8,656.7,1,2.5,0.46,High
14.8,58.3,88.2,28.0,937.2,1,7.65,0.58,Low
51.7,77.9,149.1,45.1,2898.1,1,0.08,0.39,Watch
105.2,187.6,401.1,28.8,1294.4,0,8.05,0.53,High
34.2,71.3,158.0,40.8,2640.0,1,0.75,0.51,Low
208.7,373.6,577.4,7.4,440.9,0,3.15,0.43,Critical
18.1,29.1,65.1,30.4,2149.6,0,23.62,0.55,Low
22.3,61.6,103.0,29.6,2148.6,1,6.61,0.54,Low
70.1,157.2,291.7,28.0,1917.2,0,15.46,0.6,Watch
126.1,258.0,621.3,45.1,1376.2,1,1.61,0.65,Critical
245.8,405.0,697.9,17.9,387.3,1,0.07,0.47,Critical
147.9,371.3,619.5,20.9,82.9,1,0.21,0.42,Critical
7.0,41.5,92.4,27.5,403.0,1,0.69,0.52,Low
26.6,58.0,132.2,25.5,571.4,0,8.38,0.5,Low
65.8,211.4,409.4,9.3,1685.6,0,8.17,0.5,High
128.1,272.3,477.7,50.8,938.0,1,0.19,0.47,High
76.3,136.2,321.8,26.1,1602.7,1,0.2,0.53,High
33.7,92.2,240.0,27.8,709.5,1,0.47,0.45,Watch
226.5,410.2,641.9,4.0,354.7,0,10.69,0.51,Critical
41.7,71.2,226.4,0.5,20.8,0,14.05,0.37,Watch
67.7,214.6,422.4,7.3,161.4,0,11.22,0.37,High
98.8,210.5,315.6,27.0,1208.4,1,16.03,0.68,High
45.2,130.5,197.5,2.6,101.8,0,47.63,0.48,Watch
171.4,285.9,491.6,42.5,837.5,1,0.07,0.51,Critical
132.6,252.2,605.1,35.9,3994.1,0,17.06,0.39,Critical
161.0,382.8,584.9,11.4,711.4,1,0.06,0.45,Critical
81.4,206.9,360.6,17.5,1630.1,0,12.23,0.62,High
76.7,132.1,263.3,30.7,221.3,1,0.41,0.49,High
74.3,160.2,205.4,7.2,84.0,1,0.31,0.5,Watch
71.0,217.5,375.6,22.1,1208.8,1,1.34,0.6,High
119.6,242.9,409.7,10.2,123.3,1,0.31,0.48,High
71.9,137.0,232.0,39.0,2505.6,0,49.18,0.62,High
207.3,411.4,589.8,22.9,438.9,1,0.5,0.54,Critical
26.5,66.7,99.0,33.3,3404.5,0,43.21,0.57,Low
91.1,221.1,333.7,26.6,1211.5,1,0.2,0.62,High
105.0,223.8,363.8,23.5,4294.5,0,50.0,0.42,High
20.3,25.5,96.4,13.2,1151.3,0,3.25,0.62,Low
119.7,216.8,377.1,46.3,232.0,1,0.29,0.44,High
46.6,100.7,227.4,18.3,97.1,1,0.24,0.31,Watch
23.9,29.0,53.2,13.5,344.2,1,0.1,0.46,Low
57.9,106.0,241.3,54.2,1200.8,1,0.54,0.64,Watch
189.0,387.5,552.5,47.0,640.4,1,0.26,0.54,Critical
55.3,116.7,229.1,18.7,742.7,1,6.58,0.51,Watch
66.5,148.7,330.5,25.1,436.4,0,6.52,0.55,High
68.8,152.2,357.8,33.7,3481.5,0,12.6,0.45,High
190.4,336.5,505.8,7.8,44.2,1,0.18,0.42,Critical
16.3,24.9,52.5,31.1,621.2,1,0.19,0.55,Low
112.7,192.6,300.4,33.3,491.2,1,1.76,0.55,High
58.6,134.7,188.9,48.3,1795.2,1,1.65,0.65,Watch
113.1,258.1,370.6,29.3,85.6,1,3.87,0.48,High
167.5,307.7,454.0,37.9,244.9,1,0.08,0.44,Critical
27.8,35.1,113.3,40.6,468.4,1,0.05,0.52,Low
69.3,149.0,211.3,19.7,454.9,0,5.3,0.35,Watch
25.3,55.5,69.5,14.2,136.0,0,15.51,0.37,Low
97.3,191.0,387.7,7.2,1932.4,1,8.17,0.63,High
134.0,283.9,645.3,16.5,80.7,1,0.71,0.45,Critical
33.6,41.3,55.9,8.1,493.6,0,9.58,0.51,Low
82.9,211.6,447.6,14.9,283.4,1,0.08,0.45,High
225.1,382.6,709.0,8.5,1048.1,0,19.09,0.5,Critical
121.7,304.7,579.6,3.5,1299.9,1,0.05,0.58,Critical
19.6,41.0,78.8,13.4,322.3,1,0.32,0.45,Low
122.3,211.7,424.1,60.9,1308.7,1,0.11,0.57,High
152.7,352.3,727.9,1.6,488.7,0,13.64,0.38,Critical
38.6,85.6,162.6,40.4,1367.4,1,5.83,0.49,Watch
22.1,41.1,60.2,18.8,3716.5,0,9.95,0.48,Low
34.0,103.4,208.9,31.4,380.4,1,1.45,0.49,Watch
131.6,350.7,664.1,7.7,652.6,0,3.44,0.45,Critical
22.2,36.3,114.0,7.5,392.3,0,14.42,0.46,Low
37.5,123.9,265.9,32.0,606.4,1,2.64,0.53,Watch
181.7,384.1,593.9,36.0,2677.8,0,5.02,0.58,Critical
98.3,229.0,382.4,37.0,677.6,1,0.6,0.6,High
194.0,397.8,718.8,28.2,4957.5,0,34.5,0.47,Critical
78.3,216.1,436.8,0.7,145.0,0,34.76,0.39,High
20.5,55.5,110.2,10.4,54.4,0,15.22,0.36,Low
32.9,88.1,237.2,48.0,952.8,1,0.42,0.62,Watch
46.7,101.1,188.8,52.6,1695.3,1,1.02,0.56,Watch
115.4,261.9,374.5,5.5,1277.3,0,5.6,0.71,High
224.8,356.3,571.3,43.1,1472.8,0,12.69,0.49,Critical
15.1,56.7,109.3,29.5,666.4,1,0.05,0.5,Low
139.1,321.1,548.2,43.8,1429.9,1,0.25,0.6,Critical
83.0,231.4,333.9,6.9,579.5,0,2.52,0.49,High
26.2,64.0,99.0,33.9,1796.0,0,22.06,0.56,Low
57.7,88.1,234.0,15.5,104.4,1,0.07,0.34,Watch
258.3,421.1,590.5,30.2,479.0,1,1.01,0.46,Critical
58.6,94.3,240.2,16.9,336.4,1,0.41,0.54,Watch
109.6,168.9,253.6,6.1,932.7,0,6.03,0.44,High
244.1,346.0,661.6,26.5,1347.0,1,0.08,0.58,Critical
248.1,354.8,677.1,9.3,204.2,0,42.47,0.43,Critical
17.5,55.4,102.2,0.5,20.8,0,14.05,0.37,Low
122.2,224.7,343.8,34.5,173.6,1,0.56,0.47,High
234.8,339.9,537.4,12.3,85.0,1,0.09,0.29,Critical
77.4,188.8,338.5,43.0,501.3,1,1.13,0.44,High
166.1,382.3,635.4,43.8,1995.6,1,2.05,0.5,Critical
222.2,328.1,543.7,3.7,233.3,1,0.11,0.46,Critical
125.1,241.3,586.7,3.5,1207.4,0,2.85,0.58,Critical
70.0,154.0,372.7,35.7,1435.4,1,0.05,0.65,High
84.8,156.1,241.4,41.1,738.0,1,0.45,0.54,High
70.7,110.8,247.7,45.0,1119.0,1,0.11,0.59,Watch
211.4,340.5,698.2,14.7,1160.6,0,12.99,0.49,Critical
90.3,178.3,294.6,30.9,419.4,1,0.09,0.49,High
20.0,40.3,128.4,9.8,207.0,0,50.0,0.5,Low
15.9,22.0,109.3,41.4,685.9,1,6.5,0.47,Low
68.6,112.6,261.9,27.3,441.2,1,0.08,0.46,Watch
257.4,440.6,714.8,0.5,39.1,0,2.78,0.38,Critical
235.3,367.5,717.0,24.1,392.6,0,1.3,0.45,Critical
4.3,19.8,33.5,7.7,652.6,0,3.44,0.49,Low
17.5,34.5,92.4,40.8,1825.7,0,4.83,0.52,Low
56.9,86.1,231.4,7.3,161.4,0,11.22,0.34,Watch
60.1,123.6,270.7,18.3,47.0,1,0.05,0.39,Watch
49.3,91.7,226.4,47.9,1095.3,0,7.54,0.56,Watch
19.2,26.8,103.3,28.1,110.1,1,0.28,0.4,Low
19.3,25.6,105.1,33.5,3669.4,0,28.13,0.33,Low
69.6,131.7,233.8,34.9,1054.6,1,0.1,0.46,Watch
182.3,293.0,514.8,13.3,57.6,0,36.53,0.34,Critical
179.3,360.4,651.9,6.0,50.0,1,0.1,0.32,Critical
213.1,322.8,519.0,35.0,541.2,0,12.99,0.6,Critical
185.7,373.5,741.7,4.5,304.7,1,0.2,0.46,Critical
10.9,32.2,113.5,4.3,148.7,1,0.19,0.53,Low
46.3,102.0,147.5,38.7,1255.7,1,2.66,0.66,Watch
16.9,40.8,100.6,33.1,3184.2,0,22.18,0.5,Low
57.5,100.7,165.6,30.8,1107.4,0,9.67,0.56,Watch
32.2,111.4,252.7,3.5,290.3,1,0.29,0.42,Watch
13.2,50.3,106.0,25.6,642.4,0,2.8,0.47,Low
42.5,120.6,194.7,6.9,137.0,1,0.11,0.37,Watch
5.8,24.6,75.2,17.7,176.7,1,0.32,0.54,Low
67.9,163.0,391.7,38.1,1560.2,1,0.18,0.6,High
15.0,36.9,79.8,42.5,2145.7,1,2.14,0.54,Low
212.8,347.3,659.8,15.8,341.3,0,7.66,0.53,Critical
234.1,324.3,617.0,24.4,224.1,1,0.37,0.52,Critical
41.6,109.8,245.8,36.4,719.5,1,2.83,0.54,Watch
168.5,276.7,517.2,25.0,452.5,1,0.22,0.44,Critical
44.4,118.2,207.7,32.6,501.6,1,0.07,0.5,Watch
24.4,43.9,101.4,15.3,287.5,1,0.18,0.44,Low
139.9,325.6,643.4,35.8,3224.6,0,23.4,0.6,Critical
4.2,30.6,51.9,35.0,1560.2,1,0.19,0.62,Low
94.2,152.6,296.5,20.3,1221.8,0,7.93,0.55,High
6.1,33.4,70.9,6.3,128.4,0,5.65,0.4,Low
171.2,388.9,625.9,26.0,407.4,1,0.41,0.51,Critical
11.1,28.3,101.5,29.6,4117.0,0,15.57,0.44,Low
94.3,202.2,403.7,20.4,240.5,0,5.55,0.51,High
85.7,193.9,333.3,42.4,583.0,1,0.64,0.48,High
19.4,44.8,68.1,53.8,1187.4,1,0.44,0.7,Low
74.3,213.3,348.6,44.1,1732.6,1,0.14,0.66,High
90.1,219.3,394.6,0.6,1568.3,0,18.51,0.67,High
24.3,53.6,92.7,40.8,1131.1,1,0.13,0.65,Low
34.1,48.2,136.4,10.6,2741.3,0,7.68,0.63,Low
127.7,216.1,302.3,27.4,853.3,0,1.61,0.52,High
47.8,93.2,150.8,48.7,1071.5,1,0.06,0.58,Watch
11.5,52.5,71.8,8.3,30.5,0,28.32,0.4,Low
93.9,243.4,410.6,13.8,5500.0,0,36.64,0.37,High
11.5,55.0,96.1,8.9,169.4,1,0.78,0.49,Low
257.1,418.8,686.5,39.1,220.3,1,0.84,0.41,Critical
27.1,65.5,110.7,12.5,1687.0,1,0.52,0.56,Low
76.5,177.3,365.6,12.4,1614.7,0,21.86,0.53,High
33.9,61.2,99.0,12.7,597.2,0,12.85,0.43,Low
74.8,206.5,319.6,25.2,551.4,0,15.74,0.43,High
34.8,75.0,134.9,40.7,2041.7,1,3.88,0.47,Low
26.1,37.0,115.2,46.1,386.9,1,0.34,0.56,Low
19.9,34.0,121.2,28.1,231.3,0,6.54,0.53,Low
17.1,23.6,93.3,15.9,4077.1,0,23.13,0.48,Low
73.1,202.5,326.7,30.7,3202.7,0,39.3,0.51,High
128.6,331.8,589.8,19.8,165.0,1,0.05,0.38,Critical
89.4,168.0,280.5,40.4,1367.4,1,5.83,0.41,High
124.7,210.9,407.1,29.5,413.3,1,0.05,0.43,High
34.4,55.7,131.9,8.5,644.2,0,5.03,0.54,Low
17.7,62.6,77.3,53.3,777.4,0,8.24,0.56,Low
16.5,55.4,136.8,40.6,788.3,1,1.82,0.57,Low
39.9,112.6,244.2,23.8,450.3,1,0.05,0.48,Watch
60.9,132.9,256.0,14.1,56.1,1,0.08,0.25,Watch
233.9,373.9,689.8,28.1,861.7,0,8.85,0.56,Critical
73.1,98.7,258.4,29.2,411.3,1,0.43,0.47,Watch
65.2,119.6,254.3,5.5,86.8,0,11.4,0.47,High
26.4,37.1,107.4,1.5,179.8,0,50.0,0.46,Low
122.5,242.5,339.2,2.0,102.6,1,0.13,0.47,High
96.7,154.5,299.7,30.8,231.2,0,2.26,0.49,High
100.7,213.9,386.2,3.9,1755.2,0,4.76,0.59,High
125.5,358.8,624.2,47.6,2867.1,0,18.67,0.61,Critical
119.7,194.0,350.5,51.4,1733.5,1,0.05,0.48,High
33.3,84.5,159.9,44.9,1665.9,1,1.74,0.66,Watch
157.4,270.3,474.1,11.7,1478.8,0,7.54,0.55,Critical
44.5,100.4,167.6,39.8,1636.0,1,0.24,0.36,Watch
9.1,30.7,101.5,20.2,1070.6,0,5.27,0.57,Low
122.8,223.1,375.0,8.4,539.3,1,17.67,0.46,High
207.4,376.3,627.5,8.3,1522.1,0,15.91,0.66,Critical
67.0,144.3,250.6,34.0,1433.4,0,26.23,0.65,Watch
111.8,202.0,307.4,53.4,2055.9,0,9.4,0.63,High
36.0,101.9,148.5,5.6,338.6,0,17.5,0.52,Watch
77.3,205.6,400.0,15.7,443.5,0,3.17,0.46,High
61.8,90.9,231.6,4.4,381.7,0,3.91,0.52,Watch
118.7,181.7,352.1,34.5,1684.4,0,11.22,0.63,High
44.1,120.4,267.4,40.4,1367.4,1,5.83,0.51,Watch
250.8,442.0,609.9,3.5,1299.9,1,0.05,0.62,Critical
97.1,185.9,367.1,33.0,1318.4,1,0.35,0.62,High
8.0,24.2,44.5,45.7,289.5,1,5.99,0.49,Low
216.9,351.6,516.9,15.8,289.3,1,0.1,0.41,Critical
34.7,92.1,178.3,8.1,493.6,0,9.58,0.52,Watch
177.7,336.4,526.5,42.0,344.1,0,4.05,0.56,Critical
239.5,357.5,629.9,13.7,1779.6,1,1.08,0.55,Critical
238.3,360.1,657.9,15.7,81.8,1,0.38,0.34,Critical
28.3,63.4,76.3,16.5,186.7,0,11.68,0.43,Low
6.5,37.6,106.7,42.5,480.9,1,0.99,0.5,Low
24.5,48.2,104.6,10.7,284.4,1,0.3,0.49,Low
11.5,31.2,45.8,18.0,355.0,0,7.72,0.43,Low
129.5,322.7,520.7,45.8,1342.8,1,0.25,0.59,Critical
45.2,71.4,126.4,17.7,635.3,1,1.41,0.42,Watch
86.5,227.1,349.7,48.0,952.8,1,0.42,0.59,High
17.3,60.9,112.4,0.9,146.7,0,13.16,0.34,Low
153.8,276.7,448.3,41.0,1029.8,1,0.11,0.5,Critical
133.2,225.7,550.6,31.1,1873.2,0,41.06,0.46,Critical
49.6,96.2,177.2,6.3,1365.0,0,12.52,0.58,Watch
98.7,183.5,323.0,26.9,470.0,0,12.05,0.48,High
108.9,213.6,426.4,4.6,4637.0,0,50.0,0.5,High
115.7,211.5,355.2,13.9,438.5,1,0.05,0.47,High
32.9,62.1,109.9,0.5,86.1,0,46.03,0.4,Low
183.7,282.4,652.2,10.2,123.3,1,0.31,0.48,Critical
101.5,229.2,342.0,44.3,4404.8,0,26.12,0.44,High
38.8,73.0,187.7,7.8,44.2,1,0.18,0.39,Watch
128.8,231.5,456.6,9.5,722.2,0,5.25,0.51,High
108.8,184.8,320.0,32.7,1667.9,0,23.42,0.73,High
193.1,292.2,597.8,26.9,154.7,1,0.56,0.48,Critical
36.6,62.1,177.8,8.8,303.2,0,7.87,0.53,Watch
43.6,118.1,200.6,30.6,257.8,0,2.47,0.42,Watch
60.6,90.5,163.5,2.3,1351.4,1,7.5,0.53,Watch
38.1,92.9,200.2,12.6,114.0,0,4.07,0.37,Watch
50.0,88.6,134.6,53.6,1415.1,1,0.05,0.69,Watch
210.6,316.9,609.7,11.3,807.1,0,5.65,0.56,Critical
259.2,456.0,831.5,36.4,687.8,1,0.08,0.55,Critical
32.3,44.4,71.5,50.8,938.0,1,0.19,0.46,Low
74.2,111.5,246.6,24.7,1660.7,0,6.13,0.69,Watch
73.5,124.0,266.6,16.4,431.7,0,1.2,0.52,Watch
62.3,103.4,220.3,2.5,1325.5,1,0.55,0.57,Watch
225.7,444.0,728.7,14.6,60.9,1,0.6,0.37,Critical
2.3,21.6,105.7,64.0,3907.4,0,24.38,0.44,Low
232.2,348.9,612.4,10.9,485.6,0,4.89,0.57,Critical
128.8,283.1,430.1,37.5,454.9,0,3.54,0.45,Critical
70.6,105.6,264.4,61.5,1295.0,1,2.47,0.66,Watch
74.7,102.6,233.9,11.4,101.2,0,13.72,0.35,Watch
3.1,10.4,55.9,4.7,766.5,1,0.06,0.42,Low
46.1,122.3,192.4,34.9,2475.7,0,14.07,0.48,Watch
237.9,463.2,813.8,20.9,746.9,0,13.55,0.37,Critical
129.8,295.7,488.7,41.8,1422.0,1,1.74,0.65,Critical
9.4,31.7,99.2,5.3,692.4,0,50.0,0.51,Low
199.1,366.6,688.7,20.8,232.8,0,1.56,0.4,Critical
123.7,258.3,402.5,19.9,200.2,0,2.52,0.38,High
65.1,121.1,220.8,16.9,1099.2,0,6.09,0.51,Watch
11.8,40.5,53.1,29.4,613.8,0,14.02,0.54,Low
33.2,62.7,215.6,24.9,619.7,0,10.47,0.43,Watch
234.9,332.0,646.4,21.9,69.9,1,0.05,0.24,Critical
27.4,58.6,80.8,0.8,91.1,0,50.0,0.42,Low
157.1,386.7,620.7,18.3,1912.6,0,14.77,0.5,Critical
27.3,32.3,75.6,35.0,606.1,1,0.23,0.57,Low
39.0,77.3,118.5,24.3,95.8,0,8.69,0.44,Watch
148.4,238.6,553.7,25.3,83.6,1,0.05,0.43,Critical
27.0,56.4,138.1,3.8,623.8,0,10.15,0.54,Low
25.5,63.2,87.7,6.0,704.1,0,21.74,0.54,Low
48.3,87.6,219.1,13.8,810.9,0,10.57,0.53,Watch
56.6,124.5,174.0,22.6,233.5,1,0.89,0.48,Watch
82.5,184.2,307.3,14.0,2777.8,0,31.22,0.65,High
121.2,251.0,535.3,44.7,650.4,1,0.11,0.52,Critical
20.5,56.7,123.4,40.0,809.7,1,0.14,0.62,Low
89.0,232.3,444.7,3.2,983.6,0,15.36,0.48,High
117.2,179.4,279.5,35.7,603.6,0,2.15,0.49,High
30.4,46.4,121.0,5.9,1120.8,0,12.43,0.63,Low
59.9,95.2,149.4,42.6,830.0,1,0.39,0.52,Watch
26.0,53.5,139.2,42.0,385.4,1,5.24,0.43,Low
97.9,186.7,411.7,9.3,2193.0,0,8.07,0.42,High
2.8,41.4,52.3,42.3,949.6,0,1.69,0.52,Low
97.6,218.2,383.7,1.0,138.9,0,30.13,0.38,High
122.5,288.2,600.6,41.0,1058.0,1,0.14,0.55,Critical
218.6,451.5,645.9,33.2,1284.9,1,0.45,0.57,Critical
121.2,187.0,316.5,12.5,67.9,1,0.16,0.41,High
97.6,154.7,284.7,37.9,244.9,1,0.08,0.48,High
102.2,235.4,460.4,49.8,1171.3,1,0.07,0.56,High
47.6,85.0,174.4,12.5,67.9,1,0.16,0.4,Watch
45.0,117.7,206.2,42.1,578.8,1,0.15,0.46,Watch
109.0,166.3,279.1,21.2,393.6,1,0.36,0.45,High
126.4,240.6,428.0,11.8,301.2,1,0.68,0.4,High
116.0,226.2,464.6,48.3,1363.2,1,1.36,0.5,High
155.1,309.9,685.2,36.7,1390.3,1,0.05,0.6,Critical
5.4,32.3,120.6,15.7,111.7,1,0.57,0.52,Low
26.4,59.5,103.4,37.5,224.6,1,0.53,0.44,Low
104.4,206.0,404.5,7.2,776.1,0,21.26,0.46,High
42.9,110.6,266.8,1.8,869.8,0,9.03,0.41,Watch
32.5,40.3,84.7,35.6,540.2,1,0.22,0.48,Low
201.9,385.4,681.0,18.2,1129.5,0,3.04,0.54,Critical
199.6,368.5,568.4,39.8,1790.2,1,0.34,0.46,Critical
69.0,155.5,208.2,27.5,403.0,1,0.69,0.55,Watch
115.2,227.7,367.5,16.5,88.1,1,0.13,0.47,High
15.5,21.1,77.7,50.4,1054.4,1,10.88,0.52,Low
9.3,43.3,102.7,36.7,505.1,0,3.55,0.5,Low
212.5,449.1,613.5,43.3,5057.6,0,27.59,0.34,Critical
122.9,181.3,390.4,38.0,417.4,1,0.36,0.51,High
81.8,175.3,371.0,32.8,2602.0,0,16.16,0.51,High
20.0,51.9,117.9,15.7,330.5,0,11.29,0.5,Low
5.0,18.0,98.2,12.6,793.3,0,5.26,0.44,Low
4.5,46.0,84.4,12.0,426.9,0,14.0,0.43,Low
63.0,127.4,248.2,4.6,141.2,0,9.56,0.4,Watch
97.1,175.4,381.3,24.4,493.1,0,13.57,0.54,High
105.1,229.4,427.4,25.3,83.6,1,0.05,0.45,High
49.2,87.6,223.6,23.4,285.0,1,3.16,0.47,Watch
82.5,169.3,392.6,4.1,122.4,0,28.33,0.38,High
15.6,55.5,116.6,15.6,622.0,1,0.11,0.59,Low
49.2,103.0,220.9,17.7,635.3,1,1.41,0.49,Watch
103.9,174.0,348.5,11.7,336.1,1,0.69,0.48,High
68.7,167.8,396.1,40.0,3563.8,0,20.19,0.56,High
30.5,82.1,233.0,28.6,131.4,1,0.05,0.45,Watch
7.3,15.1,40.0,19.3,222.2,0,2.25,0.43,Low
29.3,52.1,126.6,32.7,1667.9,0,23.42,0.7,Low
12.2,27.2,78.4,33.5,916.4,0,11.82,0.56,Low
70.0,207.2,419.7,10.3,221.2,0,11.86,0.35,High
71.1,158.1,237.3,33.7,3481.5,0,12.6,0.45,Watch
80.1,161.9,386.5,20.5,430.3,0,1.78,0.5,High
54.9,112.6,175.9,19.4,858.9,0,7.41,0.48,Watch
13.4,36.9,80.0,35.2,1220.8,0,15.12,0.59,Low
104.7,170.7,358.5,17.4,637.1,0,4.58,0.52,High
96.8,189.8,388.3,17.0,708.9,0,5.56,0.49,High
25.7,60.0,111.2,25.5,253.1,0,9.25,0.48,Low
58.6,121.4,175.6,54.1,3417.7,0,47.55,0.37,Watch
57.3,98.3,145.2,40.1,1135.1,1,0.39,0.57,Watch
113.7,220.9,458.7,45.0,322.6,1,1.77,0.44,High
15.7,37.9,91.2,30.7,522.2,1,0.28,0.52,Low
8.7,26.8,80.6,1.4,60.9,1,0.09,0.45,Low
22.8,49.1,68.4,49.6,337.2,1,2.67,0.54,Low
16.5,60.7,111.7,15.9,4077.1,0,23.13,0.43,Low
14.9,55.8,82.1,23.6,596.3,1,6.24,0.51,Low
22.2,61.5,125.3,29.6,1082.5,0,6.8,0.46,Low
101.4,214.3,404.5,36.1,1387.4,1,0.52,0.57,High
17.3,57.3,83.6,10.7,284.4,1,0.3,0.45,Low
163.4,372.1,620.4,6.8,943.1,1,0.45,0.55,Critical
18.0,23.5,66.3,4.1,66.8,1,0.05,0.39,Low
28.5,69.6,95.9,21.3,2215.6,0,18.96,0.58,Low
237.9,409.8,785.4,13.9,438.5,1,0.05,0.5,Critical
46.9,124.1,216.2,41.1,1461.4,1,1.84,0.53,Watch
62.8,127.4,252.2,30.0,418.4,1,0.23,0.36,Watch
182.3,380.7,678.3,38.4,614.8,0,6.36,0.5,Critical
14.3,44.6,62.2,24.0,872.3,0,11.83,0.51,Low
194.5,294.5,618.5,38.3,1171.5,1,0.42,0.54,Critical
13.6,45.7,116.3,3.0,29.0,1,0.52,0.55,Low
108.6,220.7,419.4,30.2,583.3,1,0.08,0.52,High
171.7,285.5,487.4,39.8,3545.4,0,38.43,0.54,Critical
103.8,219.2,441.5,32.2,685.3,0,4.94,0.49,High
43.8,95.8,221.3,31.4,332.8,1,0.95,0.61,Watch
144.3,281.4,479.4,15.0,869.9,0,9.7,0.57,Critical
220.0,421.9,695.8,16.0,254.7,1,1.12,0.45,Critical
61.3,111.2,249.8,37.4,689.1,0,3.89,0.52,Watch
194.7,364.6,657.5,26.0,1117.4,1,0.6,0.61,Critical
106.4,188.8,311.9,23.6,538.0,1,0.13,0.5,High
23.6,61.6,76.6,17.6,1900.5,1,0.26,0.7,Low
28.9,65.0,135.9,27.9,1732.6,0,7.96,0.6,Low
146.5,306.1,509.5,13.4,32.3,1,0.29,0.42,Critical
31.0,45.7,100.3,21.6,827.5,0,8.85,0.6,Low
49.3,87.4,189.1,0.5,92.4,0,31.04,0.4,Watch
123.6,273.2,485.2,6.0,690.8,1,0.06,0.45,High
61.8,149.7,288.9,20.1,196.5,0,3.89,0.43,Watch
162.4,364.6,698.2,29.4,902.0,1,2.68,0.57,Critical
244.3,461.7,699.1,18.3,277.2,1,1.16,0.4,Critical
44.1,111.6,179.4,33.1,3184.2,0,22.18,0.51,Watch
134.2,301.0,442.3,19.1,374.9,1,0.11,0.48,Critical
105.6,242.0,416.0,27.5,88.0,1,0.17,0.54,High
112.6,230.3,332.4,26.1,189.8,1,0.59,0.45,High
9.6,38.4,122.7,36.7,908.0,0,16.57,0.54,Low
22.9,46.7,92.1,29.2,1569.8,0,8.95,0.52,Low
59.2,136.5,262.3,5.5,1277.3,0,5.6,0.6,Watch
119.1,205.4,423.6,8.5,900.3,0,14.32,0.48,High
251.5,366.6,626.7,4.0,1708.1,0,19.65,0.64,Critical
4.3,31.5,101.3,35.7,370.7,1,0.29,0.56,Low
104.0,171.9,364.7,33.4,639.4,1,0.64,0.58,High
33.3,40.7,105.6,20.8,297.7,1,0.1,0.52,Low
22.1,55.1,132.2,25.5,617.1,0,16.62,0.51,Low
69.7,132.7,272.7,1.4,234.4,0,11.53,0.41,Watch
71.5,134.4,245.5,10.7,751.7,1,0.46,0.66,Watch
124.6,249.3,609.0,21.2,360.9,1,0.05,0.49,Critical
242.7,465.2,763.3,0.5,47.0,0,24.79,0.37,Critical
109.4,197.0,405.0,14.8,149.5,1,0.05,0.36,High
231.4,471.0,618.2,34.3,1352.4,0,8.84,0.61,Critical
105.2,249.3,453.5,18.0,3412.9,0,36.36,0.41,High
45.1,74.4,231.5,36.4,462.3,0,12.07,0.51,Watch
43.8,104.6,239.4,8.8,303.2,0,7.87,0.52,Watch
78.7,151.6,306.7,24.5,496.2,0,14.19,0.48,High
178.6,348.1,724.5,12.8,336.1,0,11.72,0.44,Critical
33.9,56.5,88.8,35.5,5136.9,0,33.21,0.49,Low
146.9,239.9,578.3,6.5,2588.7,0,27.0,0.49,Critical
166.5,357.6,512.6,22.4,609.8,0,7.33,0.52,Critical
115.5,173.1,411.0,10.4,387.2,0,9.15,0.5,High
127.0,289.7,502.3,16.6,95.5,1,0.62,0.34,Critical
17.8,54.0,88.3,31.7,1310.5,0,6.86,0.71,Low
205.5,336.5,593.6,8.0,1653.3,0,18.69,0.62,Critical
90.7,212.2,337.3,19.1,374.9,1,0.11,0.43,High
50.6,122.8,231.7,31.5,1453.1,0,5.52,0.6,Watch
78.0,132.4,232.7,33.2,427.9,1,2.75,0.6,High
34.7,75.2,115.0,35.1,313.8,1,2.72,0.51,Low
210.1,384.1,689.0,8.8,610.4,1,1.39,0.46,Critical
167.4,386.4,624.0,9.3,358.6,1,0.19,0.38,Critical
19.0,60.1,141.3,19.5,218.2,0,3.22,0.41,Low
7.8,35.5,91.8,24.0,451.7,1,0.17,0.43,Low
255.7,485.5,803.5,12.2,928.8,0,18.58,0.64,Critical
74.2,181.3,290.9,18.8,5052.2,0,38.78,0.37,High
15.4,56.5,114.9,25.0,472.7,1,0.05,0.41,Low
73.6,135.8,192.9,21.6,827.5,0,8.85,0.52,Watch
123.1,206.9,403.6,24.5,789.9,1,15.71,0.59,High
28.3,40.3,104.1,19.3,185.4,1,5.89,0.48,Low
53.5,116.8,247.0,30.7,1856.9,0,22.38,0.58,Watch
30.7,67.4,127.6,0.5,118.8,0,50.0,0.39,Low
20.3,33.3,66.8,59.9,940.4,1,2.12,0.5,Low
248.5,344.5,554.5,13.9,72.0,0,38.84,0.4,Critical
103.3,154.0,357.6,45.6,1972.9,1,11.5,0.53,High
7.1,31.6,76.0,0.7,798.3,0,10.41,0.42,Low
51.4,120.2,251.8,22.1,2034.9,0,13.72,0.61,Watch
164.4,330.9,618.6,13.3,1552.3,0,3.04,0.69,Critical
73.0,185.7,310.2,26.7,917.8,0,5.65,0.55,High
16.5,55.0,77.9,20.2,1070.6,0,5.27,0.61,Low
13.1,36.7,108.6,0.5,196.7,0,11.82,0.5,Low
22.1,38.3,62.2,6.4,66.3,1,0.05,0.36,Low
32.5,94.4,212.6,23.8,72.6,1,0.1,0.42,Watch
9.8,41.9,97.2,3.5,1207.4,0,2.85,0.55,Low
44.3,118.0,209.8,10.0,44.3,1,0.38,0.31,Watch
227.4,352.6,575.4,37.9,500.3,1,0.45,0.56,Critical
201.6,389.6,575.8,35.5,278.1,1,0.29,0.52,Critical
238.0,470.1,822.4,15.6,622.0,1,0.11,0.56,Critical
87.1,182.6,371.1,27.0,916.7,0,3.92,0.52,High
25.3,55.2,144.4,40.4,255.1,1,0.17,0.54,Low
160.4,377.8,539.2,36.4,279.6,1,1.36,0.43,Critical
236.0,466.3,650.9,29.5,522.6,1,0.5,0.46,Critical
138.9,264.9,575.3,41.9,963.2,1,0.26,0.55,Critical
74.8,221.6,373.1,24.1,992.6,0,17.31,0.49,High
32.7,116.5,234.2,44.5,1675.1,1,0.13,0.57,Watch
198.8,424.4,760.6,13.9,81.9,1,0.1,0.36,Critical
68.5,116.7,247.6,7.6,1030.3,0,50.0,0.53,Watch
160.5,354.2,559.4,21.1,697.8,1,5.04,0.61,Critical
57.2,138.3,277.0,1.5,94.5,0,38.22,0.4,Watch
26.3,52.5,85.5,22.9,336.6,1,0.17,0.53,Low
221.4,406.2,686.3,48.1,1906.4,1,1.76,0.45,Critical
54.6,138.3,219.5,0.7,165.2,0,25.12,0.43,Watch
34.8,116.5,219.3,4.0,354.7,0,10.69,0.51,Watch
245.3,395.2,613.6,15.4,1140.5,0,3.5,0.6,Critical
4.5,24.0,41.3,43.3,5057.6,0,27.59,0.4,Low
39.7,69.0,180.4,11.4,73.3,0,3.97,0.39,Watch
241.6,450.0,769.6,40.0,1298.9,1,1.42,0.59,Critical
251.1,463.9,839.9,24.3,1707.3,0,9.4,0.62,Critical
72.5,125.2,289.0,22.2,3647.9,0,14.54,0.46,High
40.2,105.1,175.4,8.0,312.1,1,0.05,0.46,Watch
26.6,34.6,116.3,39.8,1790.2,1,0.34,0.33,Low
167.6,378.4,597.2,17.6,828.7,0,6.81,0.58,Critical
55.5,92.3,149.1,25.7,879.0,0,14.46,0.49,Watch
118.5,207.0,360.5,24.4,224.1,1,0.37,0.38,High
60.6,90.5,181.0,20.7,356.8,1,2.02,0.44,Watch
31.5,87.4,176.3,43.1,321.4,1,0.57,0.46,Watch
44.9,130.3,271.7,32.9,138.9,1,5.37,0.5,Watch
92.1,153.8,331.8,9.6,784.9,0,7.51,0.43,High
23.4,37.7,102.2,23.1,854.2,0,8.42,0.53,Low
67.5,145.5,258.9,20.6,532.9,1,0.05,0.47,Watch
16.7,51.7,104.2,38.5,432.0,1,2.75,0.42,Low
210.4,310.9,545.8,19.3,185.4,1,5.89,0.47,Critical
246.6,360.0,552.8,25.3,83.6,1,0.05,0.42,Critical
242.5,416.1,611.6,16.0,308.9,0,15.98,0.49,Critical
12.3,50.8,64.8,24.2,972.6,1,0.16,0.59,Low
247.9,433.2,724.4,14.7,92.2,1,0.32,0.4,Critical
31.9,107.7,195.5,32.7,424.7,1,0.96,0.59,Watch
67.1,101.6,241.6,39.1,387.9,1,1.0,0.51,Watch
34.8,109.8,209.8,7.7,650.6,1,0.18,0.56,Watch
68.0,124.5,226.1,0.5,76.5,0,31.46,0.41,Watch
243.2,417.1,756.0,13.4,99.0,1,0.44,0.46,Critical
128.6,275.2,418.4,7.6,359.7,1,0.54,0.41,High
66.9,120.6,176.4,39.9,4151.9,0,8.73,0.41,Watch
65.2,107.5,266.4,59.8,1764.8,1,28.66,0.6,Watch
94.9,188.0,316.7,20.9,1307.9,0,7.62,0.57,High
8.0,37.9,65.7,16.6,328.0,1,0.23,0.41,Low
64.9,98.4,206.3,33.5,128.2,1,0.34,0.48,Watch
114.2,254.0,347.5,40.8,2286.0,0,17.64,0.47,High
3.7,15.1,52.0,30.6,1445.1,0,1.51,0.6,Low
40.5,67.1,207.3,19.6,380.7,1,3.4,0.48,Watch
120.2,349.2,540.5,50.1,837.0,1,0.13,0.57,Critical
198.2,347.2,494.0,13.2,61.6,1,0.36,0.42,Critical
160.5,287.7,595.1,21.4,364.0,1,0.05,0.49,Critical
172.7,408.7,679.3,15.8,1482.9,1,2.18,0.62,Critical
113.8,177.0,339.2,10.3,460.8,0,4.68,0.54,High
68.3,160.9,374.1,27.4,230.7,0,5.1,0.47,High
152.6,255.8,417.3,42.8,1633.1,0,4.22,0.6,Critical
180.3,320.9,669.8,37.0,302.5,1,4.65,0.49,Critical
96.5,215.9,384.3,43.9,1298.4,1,0.11,0.43,High
20.9,58.1,128.9,32.4,659.5,0,8.55,0.51,Low
45.6,97.1,152.2,21.4,805.5,0,18.04,0.56,Watch
32.6,59.8,146.8,16.3,2886.1,0,17.07,0.55,Watch
73.9,121.3,201.8,14.0,1545.4,1,10.96,0.59,Watch
84.3,157.3,303.1,23.2,1647.7,0,13.12,0.47,High
6.7,33.5,51.9,53.8,1492.6,1,0.1,0.65,Low
7.2,41.7,80.5,32.2,697.6,1,0.2,0.5,Low
31.4,85.2,185.8,1.6,87.5,0,19.63,0.32,Watch
256.7,465.8,764.0,4.7,1577.4,0,7.91,0.67,Critical
129.0,255.8,405.3,15.3,682.7,0,13.6,0.57,High
49.2,95.7,203.4,5.0,2832.9,0,27.95,0.6,Watch
16.2,32.3,52.7,22.5,262.0,0,9.08,0.46,Low
27.7,33.4,108.8,0.6,39.6,0,46.88,0.41,Low
57.1,115.4,162.7,6.0,30.3,0,46.93,0.43,Watch
128.6,246.0,461.5,47.6,2867.1,0,18.67,0.58,High
33.1,68.8,79.2,34.5,1684.4,0,11.22,0.71,Low
49.3,92.2,224.5,2.5,1217.3,0,4.87,0.49,Watch
162.0,351.1,647.7,57.9,1168.3,1,0.24,0.66,Critical
68.9,132.0,309.0,9.9,772.6,0,17.29,0.45,High
56.7,108.5,163.6,33.6,628.3,0,11.28,0.48,Watch
30.6,60.9,132.0,27.6,1180.9,0,7.38,0.69,Watch
24.2,58.2,107.6,18.7,1302.6,0,7.86,0.62,Low
59.9,147.6,193.7,5.0,816.8,0,15.25,0.48,Watch
2.8,22.3,76.1,29.3,314.9,1,0.4,0.5,Low
21.8,40.5,123.8,17.9,1428.2,0,11.82,0.64,Low
258.8,457.8,786.1,5.8,34.6,0,19.71,0.35,Critical
31.7,68.4,132.5,24.1,452.2,0,11.93,0.48,Low
81.5,207.1,300.2,40.3,3152.0,1,0.21,0.49,High
23.8,54.2,111.7,38.1,207.6,1,0.05,0.47,Low
35.7,68.9,206.6,4.9,176.0,0,14.23,0.51,Watch
29.4,71.2,133.2,21.5,1049.3,0,13.08,0.56,Low
156.8,291.6,645.5,44.1,341.1,0,8.65,0.53,Critical
25.5,44.8,75.1,40.9,1611.6,0,10.22,0.53,Low
244.7,458.2,813.9,15.3,675.7,1,0.14,0.54,Critical
4.8,31.8,72.2,24.9,1378.6,1,0.47,0.65,Low
14.9,39.1,60.1,14.8,149.5,1,0.05,0.28,Low
140.7,378.8,625.3,23.6,136.8,1,0.08,0.49,Critical
122.9,219.3,350.5,42.8,868.7,0,13.39,0.58,High
12.1,33.2,97.0,10.5,494.3,0,50.0,0.52,Low
88.7,212.6,399.2,16.0,371.5,0,4.93,0.43,High
215.5,410.6,731.5,40.4,255.1,1,0.17,0.55,Critical
34.2,109.9,230.7,12.5,429.6,0,14.77,0.43,Watch
11.4,34.1,93.5,33.9,270.3,1,1.19,0.56,Low
194.9,363.4,571.2,21.9,69.9,1,0.05,0.33,Critical
103.1,207.2,301.0,5.3,333.3,1,0.09,0.46,High
32.2,76.4,228.3,18.3,47.0,1,0.05,0.48,Watch
52.4,122.2,192.5,34.0,2210.0,0,16.46,0.68,Watch
34.2,61.0,81.9,35.4,887.6,1,0.12,0.55,Low
88.7,202.8,357.4,10.2,338.8,1,0.15,0.38,High
45.2,131.4,234.9,21.4,518.7,0,1.78,0.53,Watch
12.4,19.7,91.0,6.7,74.8,1,0.17,0.37,Low
58.3,143.8,264.9,16.1,301.6,1,0.11,0.39,Watch
48.6,134.3,204.4,8.4,539.3,1,17.67,0.51,Watch
87.5,219.0,373.7,41.5,3078.3,0,5.0,0.48,High
18.7,30.2,92.8,23.1,854.2,0,8.42,0.48,Low
94.4,243.0,323.0,39.0,2000.5,0,22.25,0.58,High
107.9,202.1,385.8,36.8,1168.5,0,4.45,0.48,High
38.9,75.6,147.1,11.1,122.8,1,0.14,0.48,Watch
199.4,349.6,570.7,28.5,75.9,1,0.25,0.45,Critical
31.7,97.0,220.8,32.9,4499.7,0,50.0,0.41,Watch
195.1,374.4,723.6,22.9,277.8,1,0.4,0.41,Critical
84.2,187.2,375.7,28.0,413.7,1,0.05,0.38,High
246.7,396.1,607.2,44.5,761.4,1,0.18,0.55,Critical
89.2,200.6,364.4,48.9,1455.1,1,0.09,0.6,High
64.0,127.1,266.5,46.2,1109.1,1,3.14,0.56,Watch
247.8,391.8,605.4,45.9,724.7,0,1.0,0.49,Critical
126.2,188.6,408.6,19.0,1593.3,0,5.15,0.6,High
129.7,180.8,404.0,30.3,478.6,1,0.35,0.57,High
66.4,153.2,195.9,20.7,380.7,1,0.07,0.41,Watch
45.8,110.5,153.4,17.4,637.1,0,4.58,0.46,Watch
122.9,302.8,659.4,7.5,392.3,0,14.42,0.49,Critical
29.6,42.4,87.7,34.3,1345.7,1,0.56,0.5,Low
103.2,188.5,396.5,29.4,552.8,0,9.58,0.53,High
51.0,104.9,146.7,26.9,470.0,0,12.05,0.53,Watch
127.3,231.4,408.2,1.2,139.2,0,47.54,0.41,High
2.7,40.5,116.5,32.0,606.4,1,2.64,0.57,Low
27.2,53.1,81.3,24.0,528.3,0,3.92,0.48,Low
2.4,13.1,82.5,0.5,110.7,0,21.4,0.4,Low
14.8,21.8,63.6,18.4,195.0,1,0.06,0.47,Low
154.2,273.4,527.2,48.1,1906.4,1,1.76,0.41,Critical
69.0,126.1,298.0,39.2,2372.9,0,16.94,0.68,High
152.4,259.5,619.7,21.4,3546.1,0,9.69,0.53,Critical
67.9,136.4,303.0,16.8,406.0,1,0.48,0.48,High
103.3,198.7,351.0,25.6,163.9,1,4.96,0.37,High
37.6,70.9,125.7,42.0,1997.4,1,5.71,0.58,Watch
4.0,36.6,104.9,12.2,928.8,0,18.58,0.49,Low
6.7,27.0,81.4,40.7,359.6,1,5.38,0.51,Low
114.8,206.2,390.6,7.0,35.0,0,15.93,0.47,High
163.6,280.2,443.8,39.6,1518.5,1,0.16,0.72,Critical
254.7,361.9,619.6,36.0,1115.3,0,17.98,0.56,Critical
5.2,17.4,91.2,30.4,380.4,0,6.24,0.52,Low
44.9,120.7,213.2,3.9,751.0,1,7.52,0.46,Watch
87.7,216.0,454.8,54.3,1195.0,1,1.35,0.64,High
62.9,119.7,235.4,19.8,188.7,1,8.35,0.48,Watch
128.6,196.7,404.5,27.7,754.8,0,11.69,0.52,High
221.1,366.9,632.1,0.5,73.5,0,31.07,0.42,Critical
240.6,339.6,645.7,27.3,1645.9,0,9.01,0.56,Critical
213.0,395.8,672.2,14.9,347.3,1,0.81,0.44,Critical
36.1,105.0,192.5,9.4,277.3,0,47.75,0.43,Watch
221.0,416.1,697.5,12.7,74.1,1,2.46,0.42,Critical
21.6,49.6,72.5,1.8,112.7,0,26.09,0.33,Low
9.4,17.2,93.4,21.3,315.8,1,6.45,0.59,Low
88.1,216.1,386.3,4.3,602.1,0,12.11,0.41,High
15.6,28.4,79.5,3.6,1059.0,0,3.1,0.54,Low
18.1,28.4,59.3,35.4,968.2,1,0.12,0.47,Low
8.0,25.8,69.0,40.0,2858.7,0,7.01,0.67,Low
83.6,207.0,290.9,17.1,1054.3,0,2.35,0.5,High
102.3,158.4,243.3,28.1,245.5,1,0.34,0.52,High
194.8,345.9,611.1,4.6,344.3,1,0.24,0.44,Critical
18.3,28.2,85.2,6.6,89.2,1,0.38,0.41,Low
201.6,413.1,656.2,5.9,104.1,0,50.0,0.42,Critical
12.8,24.4,48.9,21.6,299.8,0,6.29,0.48,Low
150.8,286.8,560.0,0.7,30.6,1,0.05,0.39,Critical
235.6,352.2,665.7,24.6,113.5,0,5.55,0.37,Critical
53.3,92.2,166.2,21.8,234.1,1,0.05,0.54,Watch
90.2,226.5,355.9,8.7,409.9,1,1.03,0.53,High
72.0,98.3,156.7,34.0,1638.6,0,25.77,0.41,Watch
232.1,455.0,790.9,27.9,782.0,1,0.6,0.55,Critical
259.6,457.6,666.5,18.9,747.3,1,0.4,0.47,Critical
2.0,43.2,55.1,53.4,1003.5,0,8.63,0.57,Low
187.5,378.7,576.1,32.6,161.4,1,0.32,0.49,Critical
60.6,146.2,260.6,13.1,620.5,0,5.0,0.52,Watch
208.6,438.8,651.6,20.4,118.3,1,0.08,0.41,Critical
7.0,25.2,39.5,31.0,328.1,1,0.07,0.55,Low
24.2,58.3,114.3,30.7,522.2,1,0.28,0.57,Low
36.6,75.1,152.6,7.6,173.9,0,9.22,0.5,Watch
9.7,30.9,62.4,12.6,635.4,0,4.21,0.43,Low
234.7,443.9,661.6,33.0,409.9,1,0.46,0.49,Critical
120.0,188.3,421.3,47.0,2117.1,0,9.84,0.55,High
31.8,47.5,122.5,42.1,917.2,1,0.16,0.5,Low
44.3,121.8,266.9,17.8,392.9,1,0.05,0.39,Watch
116.0,193.4,419.3,22.1,1208.8,1,1.34,0.64,High
72.5,141.9,221.7,22.1,641.7,0,4.68,0.52,Watch
41.0,85.9,133.5,10.3,1416.4,0,6.91,0.71,Watch
121.0,184.7,417.1,3.6,608.2,0,50.0,0.51,High
72.5,154.1,228.8,34.7,550.8,1,0.31,0.55,Watch
68.6,102.2,226.8,12.6,635.4,0,4.21,0.44,Watch
205.6,391.4,605.1,46.4,1559.9,1,0.1,0.69,Critical
111.6,209.2,425.0,18.5,96.9,1,0.43,0.42,High
109.0,222.6,366.9,17.8,1466.9,1,0.44,0.55,High
18.9,48.0,94.9,5.8,34.6,0,19.71,0.37,Low
250.4,400.7,653.3,28.2,376.6,0,5.05,0.52,Critical
216.1,360.5,711.5,8.3,1522.1,0,15.91,0.61,Critical
43.8,90.0,138.5,43.4,1578.6,1,0.3,0.61,Watch
109.1,222.3,345.6,38.7,532.1,1,0.08,0.53,High
199.5,438.8,797.6,18.2,757.3,0,6.8,0.53,Critical
34.2,54.0,92.5,10.4,359.0,0,3.29,0.45,Low
50.8,78.0,132.6,5.5,57.9,0,50.0,0.39,Watch
6.6,50.9,80.9,49.1,1111.5,1,0.06,0.49,Low
191.9,352.1,590.6,13.8,810.9,0,10.57,0.51,Critical
38.8,117.1,235.0,30.2,213.2,1,12.68,0.41,Watch
32.1,117.6,236.9,50.4,1054.4,1,10.88,0.46,Watch
56.8,146.5,238.8,30.5,400.1,0,1.2,0.4,Watch
20.8,45.0,123.9,42.8,962.2,1,5.34,0.53,Low
30.0,114.5,255.8,29.2,1305.7,0,15.38,0.62,Watch
63.0,144.9,271.7,40.5,834.9,1,6.87,0.49,Watch
93.0,154.9,316.9,0.5,94.9,0,11.94,0.39,High
218.1,343.3,663.1,12.6,793.3,0,5.26,0.4,Critical
259.2,384.1,537.0,31.9,69.1,1,0.05,0.38,Critical
26.4,58.9,134.1,40.1,893.7,0,12.71,0.63,Low
30.4,70.1,80.9,21.7,2715.7,0,8.95,0.54,Low
117.5,199.6,369.6,0.8,187.2,0,10.2,0.43,High
41.2,101.2,260.2,42.5,837.5,1,0.07,0.61,Watch
86.2,231.6,331.1,0.5,92.4,0,31.04,0.36,High
45.2,124.0,164.0,35.7,1048.2,1,0.17,0.6,Watch
192.9,310.7,553.4,0.5,91.0,0,16.3,0.37,Critical
11.6,33.3,73.5,0.5,91.0,0,16.3,0.38,Low
67.8,114.9,239.9,39.5,1468.9,0,9.28,0.65,Watch
43.4,89.2,149.0,44.6,279.5,1,0.43,0.47,Watch
156.1,295.1,440.0,25.0,389.6,1,0.08,0.39,Critical
38.6,116.9,222.3,42.2,1104.4,1,0.38,0.61,Watch
178.8,341.2,532.2,23.0,55.1,1,0.17,0.54,Critical
226.6,456.8,815.0,24.8,747.8,0,3.09,0.5,Critical
122.1,267.3,468.1,6.3,184.3,0,18.06,0.41,High
138.2,331.9,512.1,33.2,129.1,1,0.05,0.41,Critical
59.5,111.2,230.8,0.5,127.5,0,25.15,0.5,Watch
100.6,159.3,299.7,22.4,4732.2,0,50.0,0.31,High
39.4,81.4,237.8,31.7,1119.3,1,0.12,0.56,Watch
3.4,15.6,57.0,8.9,1165.9,0,12.13,0.54,Low
105.3,203.1,359.6,20.9,135.5,0,10.64,0.49,High
105.8,175.0,278.4,0.7,798.3,0,10.41,0.46,High
71.6,149.9,257.3,1.5,229.7,0,1.9,0.45,Watch
207.2,350.6,526.2,14.4,64.4,0,7.91,0.38,Critical
40.9,93.6,249.7,17.8,1718.9,0,22.76,0.65,Watch
84.5,198.8,374.9,13.4,493.6,0,8.02,0.51,High
111.3,180.6,336.0,46.4,1362.4,1,0.53,0.6,High
38.1,70.2,216.3,45.4,1534.1,1,1.62,0.69,Watch
33.3,95.7,238.1,0.9,76.8,0,36.1,0.4,Watch
22.1,36.8,77.7,17.6,828.7,0,6.81,0.5,Low
30.0,50.9,80.5,31.0,91.8,0,6.36,0.48,Low
159.6,388.5,567.3,14.6,368.5,1,0.11,0.43,Critical
83.4,141.4,361.7,18.5,585.2,0,4.75,0.54,High
37.5,122.1,201.4,26.9,154.7,1,0.56,0.56,Watch
65.2,165.5,338.8,16.0,586.5,1,0.69,0.56,High
122.3,177.2,298.3,5.7,542.1,0,6.22,0.46,High
70.7,169.4,360.0,13.8,771.2,1,2.14,0.49,High
73.3,127.2,225.9,6.2,179.6,0,27.16,0.47,Watch
11.9,34.1,69.1,20.8,2741.5,0,22.12,0.75,Low
93.2,228.0,366.2,41.1,704.4,1,0.11,0.54,High
121.0,322.7,569.7,25.0,116.2,1,4.71,0.46,Critical
15.3,47.2,93.2,5.9,104.1,0,50.0,0.44,Low
184.6,373.9,566.5,29.8,4810.9,0,24.33,0.47,Critical
39.2,83.2,213.0,19.9,1253.0,1,0.41,0.57,Watch
192.0,341.4,628.6,0.5,4130.5,0,11.68,0.39,Critical
183.9,408.6,674.6,43.1,1472.8,0,12.69,0.56,Critical
60.0,118.2,209.7,27.3,244.8,1,0.07,0.43,Watch
120.7,357.3,555.5,20.7,127.1,0,4.65,0.45,Critical
222.0,440.6,805.9,9.2,311.0,1,0.27,0.46,Critical
112.5,239.5,475.6,3.4,183.0,0,8.53,0.46,High
19.0,43.9,68.2,22.6,139.7,1,0.42,0.3,Low
44.8,122.8,234.5,16.4,431.7,0,1.2,0.56,Watch
199.7,320.7,665.1,38.0,1085.1,1,0.62,0.59,Critical
27.6,66.5,91.1,29.9,768.8,0,1.44,0.47,Low
116.3,178.2,280.7,15.6,461.5,1,0.05,0.42,High
39.5,67.2,145.9,18.9,716.8,0,13.0,0.43,Watch
222.1,358.1,561.7,3.0,127.0,0,25.07,0.46,Critical
71.9,131.2,202.2,16.8,361.3,0,8.78,0.5,Watch
96.3,152.1,260.0,39.0,1161.5,0,3.43,0.57,High
47.1,112.2,268.6,16.6,547.1,0,10.55,0.45,Watch
25.8,38.1,74.4,52.1,2168.5,1,6.21,0.74,Low
105.5,215.8,374.1,13.2,940.9,0,20.93,0.5,High
26.0,63.6,94.1,15.5,1512.6,0,22.18,0.51,Low
127.3,282.8,580.8,32.2,319.8,1,0.05,0.48,Critical
6.5,14.3,95.8,36.1,345.0,1,0.1,0.45,Low
97.7,180.4,378.4,6.0,59.7,1,0.05,0.42,High
238.6,334.7,486.6,10.1,176.5,0,6.75,0.47,Critical
113.1,211.6,305.3,41.1,738.0,1,0.45,0.53,High
11.3,34.6,82.6,37.2,1224.6,1,0.65,0.57,Low
33.4,65.3,205.8,4.5,1026.7,1,0.49,0.57,Watch
67.3,116.8,274.6,22.9,336.6,1,0.17,0.52,Watch
5.9,12.4,26.6,18.6,171.5,1,0.12,0.44,Low
10.3,19.3,60.8,30.4,214.4,1,0.32,0.52,Low
180.1,356.8,633.8,10.5,319.8,0,7.11,0.47,Critical
31.2,45.5,87.8,3.6,69.1,1,0.17,0.34,Low
33.9,77.7,156.9,4.1,66.8,1,0.05,0.33,Low
238.0,430.8,640.4,0.7,220.0,0,8.81,0.56,Critical
64.1,107.4,185.6,24.3,1707.3,0,9.4,0.57,Watch
7.4,15.0,50.4,36.1,628.5,1,8.81,0.52,Low
120.4,226.3,388.7,31.0,91.8,0,6.36,0.5,High
61.3,87.0,174.2,32.0,152.5,1,0.51,0.46,Watch
55.9,89.1,198.9,19.4,716.2,0,7.5,0.5,Watch
19.7,32.4,99.9,38.3,1388.6,1,0.07,0.62,Low
6.3,23.7,49.9,12.8,1524.9,0,7.97,0.71,Low
158.2,342.0,519.2,2.5,74.0,1,0.07,0.4,Critical
51.3,91.0,205.0,25.7,839.3,1,0.15,0.58,Watch
151.6,308.0,651.4,53.6,1297.2,1,0.15,0.57,Critical
6.3,19.4,91.0,48.5,1846.2,1,1.52,0.53,Low
12.5,17.8,58.4,12.6,656.5,0,5.16,0.52,Low
243.4,346.4,615.6,34.3,576.5,1,0.39,0.4,Critical
132.5,369.1,553.9,12.8,77.4,1,0.05,0.37,Critical
126.2,243.8,382.0,0.5,24.5,0,12.25,0.41,High
9.1,39.2,123.1,41.8,685.8,1,0.1,0.49,Low
78.3,208.1,406.3,10.8,785.7,0,13.89,0.53,High
78.2,223.7,450.6,9.6,784.9,0,7.51,0.46,High
219.1,455.6,686.1,3.0,171.2,0,5.2,0.46,Critical
30.1,64.7,118.1,37.4,1802.9,1,0.05,0.5,Low
12.8,48.0,89.5,32.8,854.1,1,0.47,0.62,Low
84.0,226.4,343.3,14.2,97.3,0,10.58,0.32,High
51.3,87.3,169.8,27.8,842.2,0,3.39,0.62,Watch
102.5,219.9,302.6,37.1,92.6,0,9.31,0.45,High
59.9,112.2,236.3,29.6,255.4,1,1.06,0.46,Watch
72.0,105.5,241.2,4.5,206.7,0,38.24,0.42,Watch
88.9,236.8,384.2,32.9,234.7,1,0.98,0.38,High
167.2,337.6,649.7,23.0,194.0,1,0.61,0.51,Critical
94.7,192.2,334.0,9.7,448.3,0,12.08,0.46,High
67.0,189.7,409.5,32.5,1386.3,0,2.85,0.57,High
67.2,128.4,175.0,0.7,57.1,0,14.42,0.43,Watch
97.7,231.6,415.8,4.5,304.7,1,0.2,0.43,High
8.4,18.5,52.3,30.5,178.7,0,8.23,0.49,Low
65.6,123.2,263.3,42.1,2909.3,1,0.78,0.45,High
45.4,134.7,232.9,45.5,419.9,1,0.53,0.57,Watch
217.3,385.5,555.5,24.6,1681.8,1,0.05,0.61,Critical
11.3,23.7,36.8,36.3,2467.1,0,20.6,0.61,Low
32.9,56.2,89.4,10.5,446.2,0,4.06,0.51,Low
30.5,105.0,252.2,24.3,417.8,1,2.06,0.4,Watch
41.3,99.4,248.5,38.4,766.5,1,0.08,0.59,Watch
86.8,198.3,426.6,49.5,3045.4,0,47.45,0.5,High
194.4,417.9,621.0,0.9,74.0,0,1.32,0.42,Critical
21.1,37.4,69.8,5.5,181.8,0,22.22,0.51,Low
16.8,51.0,89.6,40.6,468.4,1,0.05,0.51,Low
10.5,28.2,45.2,26.5,414.4,1,4.33,0.49,Low
13.5,50.2,110.2,21.8,916.7,1,5.79,0.5,Low
126.6,185.8,291.6,21.7,1307.7,1,1.24,0.56,High
2.8,29.2,94.2,1.1,76.5,0,43.15,0.47,Low
112.7,262.2,388.2,31.1,1006.4,1,1.28,0.57,High
129.1,227.4,398.4,45.5,1092.5,1,0.98,0.66,Critical
52.4,116.6,183.9,42.2,872.2,0,4.32,0.66,Watch
34.1,102.5,158.5,24.6,1511.5,1,0.44,0.69,Watch
64.7,100.8,187.0,14.2,324.2,1,3.4,0.51,Watch
67.1,150.7,312.9,40.9,1611.6,0,10.22,0.53,High
87.2,218.2,336.4,31.8,4293.6,0,17.55,0.42,High
74.3,142.9,252.0,30.8,1250.3,0,2.98,0.67,High
50.0,137.9,246.4,18.8,2723.4,0,22.52,0.54,Watch
71.7,139.6,226.2,22.5,940.8,0,22.4,0.6,Watch
181.4,330.6,678.7,6.1,932.7,0,6.03,0.49,Critical
161.8,385.2,563.7,18.0,197.6,0,2.5,0.51,Critical
60.9,103.7,232.1,17.0,652.9,0,8.06,0.46,Watch
3.6,46.5,113.4,25.8,354.7,0,3.26,0.46,Low
43.9,132.3,221.6,0.5,95.9,0,34.16,0.38,Watch
65.4,116.7,157.0,16.3,247.3,1,0.09,0.51,Watch
104.5,163.3,351.6,30.0,1119.8,1,7.51,0.51,High
42.5,93.2,215.7,15.9,1600.6,0,4.51,0.65,Watch
68.0,122.9,189.0,40.3,770.4,1,10.88,0.5,Watch
242.3,345.7,657.4,25.9,1134.7,0,3.86,0.6,Critical
146.0,297.6,606.6,9.3,204.2,0,42.47,0.36,Critical
240.6,461.3,701.7,7.6,75.6,0,15.05,0.38,Critical
150.0,250.2,466.3,30.8,1250.3,0,2.98,0.62,Critical
128.3,330.3,473.3,12.9,570.3,0,3.05,0.49,Critical
60.9,106.3,153.6,35.5,245.7,1,0.98,0.4,Watch
121.3,215.7,317.7,4.5,1306.2,0,1.88,0.48,High
84.1,178.7,375.1,27.0,1208.4,1,16.03,0.59,High
192.1,350.8,586.0,15.8,341.3,0,7.66,0.55,Critical
55.6,98.4,195.4,5.1,284.7,0,7.95,0.36,Watch
76.3,181.0,375.3,0.5,20.0,0,28.6,0.41,High
68.3,141.6,300.3,21.1,697.8,1,5.04,0.47,High
209.6,307.5,554.6,23.1,373.3,1,0.2,0.42,Critical
134.3,363.5,711.7,28.7,427.3,1,0.38,0.47,Critical
43.6,127.1,242.5,45.0,322.6,1,1.77,0.47,Watch
106.9,240.3,412.7,8.9,1138.6,0,6.61,0.55,High
81.4,213.7,307.4,34.3,1251.5,0,6.83,0.48,High
16.4,33.1,86.7,42.1,4079.0,0,13.44,0.49,Low
39.9,71.6,181.8,21.0,361.4,1,0.05,0.45,Watch
69.5,128.8,224.9,26.2,99.9,1,0.05,0.4,Watch
6.3,41.0,102.4,10.8,551.2,0,9.42,0.57,Low
35.1,63.3,134.2,21.8,250.1,0,6.2,0.45,Watch
47.4,125.8,282.1,26.1,1262.0,0,4.71,0.6,Watch
218.0,324.9,641.5,42.3,1831.1,1,1.78,0.5,Critical
93.4,189.8,396.0,29.4,284.9,1,0.23,0.47,High
32.7,38.7,104.4,47.8,2973.2,0,4.89,0.44,Low
87.6,139.8,234.5,48.7,1071.5,1,0.06,0.61,High
107.0,221.7,322.3,10.4,387.2,0,9.15,0.5,High
78.8,138.5,228.8,19.9,81.0,1,0.29,0.48,High
17.2,24.4,68.5,1.6,153.4,0,16.64,0.45,Low
42.4,93.3,245.0,36.1,232.0,1,0.08,0.49,Watch
128.2,214.2,370.7,0.5,86.6,0,50.0,0.41,High
25.1,42.4,56.9,27.5,88.0,1,0.17,0.57,Low
6.1,37.4,50.5,9.2,142.8,1,0.85,0.4,Low
128.2,276.5,435.6,36.8,616.8,1,1.74,0.59,High
60.2,138.6,207.9,8.4,301.4,1,0.14,0.48,Watch
87.9,182.5,370.0,11.3,303.0,1,0.1,0.51,High
34.6,118.8,257.3,5.2,433.4,1,0.85,0.51,Watch
19.4,47.7,112.4,20.3,353.7,1,0.06,0.45,Low
56.2,93.3,155.9,32.5,1212.0,1,0.86,0.59,Watch
191.2,297.6,486.3,19.6,4392.3,0,50.0,0.41,Critical
12.8,31.8,89.5,13.9,434.0,0,14.58,0.47,Low
218.8,411.8,766.2,29.5,413.3,1,0.05,0.49,Critical
45.9,79.1,134.6,11.7,1478.8,0,7.54,0.63,Watch
4.6,30.1,67.5,27.1,1231.8,0,2.79,0.62,Low
28.8,57.0,116.4,12.7,74.1,1,2.46,0.46,Low
117.6,234.9,394.4,10.2,338.8,1,0.15,0.47,High
156.5,342.6,558.0,0.5,51.9,0,18.18,0.4,Critical
64.9,104.0,218.6,19.7,156.2,0,12.65,0.38,Watch
32.2,45.7,67.2,3.3,113.3,0,7.54,0.44,Low
145.2,348.2,549.0,6.0,261.9,1,0.3,0.45,Critical
75.2,193.5,368.5,52.4,1768.9,1,2.21,0.57,High
125.3,191.9,272.2,14.5,135.1,1,0.07,0.38,High
43.3,91.3,199.1,11.4,26.8,0,26.78,0.46,Watch
122.1,191.8,423.4,32.0,215.1,0,13.64,0.46,High
70.8,106.8,263.0,48.9,1455.1,1,0.09,0.6,Watch
190.5,350.9,507.9,15.9,299.5,1,0.13,0.49,Critical
34.2,68.5,121.1,3.1,360.3,0,7.26,0.51,Watch
176.4,334.3,650.3,29.5,338.1,1,2.26,0.56,Critical
5.2,16.9,100.8,25.5,617.1,0,16.62,0.52,Low
14.1,28.3,55.7,42.5,533.2,1,4.97,0.49,Low
206.2,336.1,485.4,25.1,316.5,1,1.3,0.52,Critical
74.1,166.6,301.3,4.6,973.0,0,8.34,0.57,High
61.1,130.0,287.6,4.9,176.5,1,0.25,0.47,Watch
79.5,215.2,426.0,14.9,306.5,1,0.59,0.48,High
206.4,361.0,606.0,53.4,2055.9,0,9.4,0.65,Critical
50.2,136.3,290.7,40.2,2392.8,1,0.05,0.73,Watch
63.2,104.6,152.7,12.6,235.4,0,6.19,0.41,Watch
7.4,26.3,61.6,14.9,468.2,0,6.95,0.51,Low
31.3,80.7,195.9,11.2,120.5,1,0.05,0.43,Watch
250.6,487.6,836.1,38.7,284.3,1,1.84,0.51,Critical
34.8,60.9,210.1,46.4,1362.4,1,0.53,0.62,Watch
28.6,36.7,79.7,1.3,159.4,1,0.6,0.51,Low
33.9,75.5,125.7,5.8,1850.0,0,6.94,0.58,Low
87.4,143.6,341.1,37.9,598.8,1,0.11,0.49,High
71.5,148.7,359.2,45.8,1578.1,0,14.08,0.64,High
48.0,100.2,202.0,21.5,533.7,1,0.08,0.45,Watch
75.8,224.4,435.8,10.7,289.9,0,7.64,0.51,High
23.7,57.8,130.7,28.0,496.2,0,19.31,0.47,Low
187.0,403.5,650.5,27.8,2520.4,0,20.42,0.73,Critical
88.5,213.7,373.7,27.8,709.5,1,0.47,0.52,High
88.5,192.0,431.4,28.2,440.8,0,50.0,0.57,High
13.4,34.0,115.3,12.9,354.6,0,12.74,0.52,Low
174.6,355.2,646.4,4.5,712.3,0,50.0,0.5,Critical
119.2,305.7,512.2,26.6,1213.9,1,0.13,0.55,Critical
39.5,112.4,190.8,12.3,363.6,1,0.07,0.5,Watch
8.3,42.0,105.2,51.5,1397.4,1,0.05,0.58,Low
114.6,178.9,260.3,21.0,617.0,1,0.15,0.54,High
53.6,91.6,221.7,24.7,757.0,0,11.26,0.56,Watch
219.1,375.5,691.3,8.8,222.2,0,33.37,0.44,Critical
38.0,85.9,178.7,41.2,911.5,1,0.92,0.58,Watch
29.4,51.0,81.7,22.4,609.8,0,7.33,0.45,Low
68.4,188.6,277.5,12.5,429.6,0,14.77,0.45,High
46.1,135.9,233.5,12.6,235.4,0,6.19,0.48,Watch
30.7,71.9,81.9,0.5,67.9,0,36.24,0.5,Low
56.4,113.4,176.5,37.7,616.6,1,12.73,0.53,Watch
67.4,122.5,221.0,29.2,1569.8,0,8.95,0.46,Watch
206.6,378.0,549.1,0.6,245.6,0,8.75,0.46,Critical
17.1,29.4,63.6,30.8,1250.3,0,2.98,0.64,Low
7.4,28.7,112.8,34.2,2445.8,1,0.1,0.51,Low
47.2,74.0,216.6,6.9,137.0,1,0.11,0.42,Watch
83.6,192.1,289.6,32.8,470.3,1,0.22,0.57,High
51.6,139.8,180.4,19.2,93.6,1,0.06,0.32,Watch
31.5,39.6,76.1,20.4,630.3,1,4.03,0.51,Low
117.0,251.6,433.2,69.9,2955.6,1,0.18,0.57,High
91.7,165.2,248.3,24.5,517.0,1,0.17,0.45,High
129.9,265.7,411.0,38.4,4827.9,0,50.0,0.33,High
7.3,43.9,103.2,37.2,2100.1,0,9.28,0.61,Low
70.5,136.0,192.1,7.2,57.4,0,20.14,0.43,Watch
15.2,58.1,100.6,30.6,315.7,1,0.5,0.52,Low
24.2,56.8,94.1,21.0,686.1,1,0.81,0.47,Low
118.7,247.8,359.9,27.0,1031.8,0,21.66,0.55,High
33.0,45.4,100.8,30.9,2700.9,0,16.1,0.62,Low
54.2,116.6,234.0,35.5,1720.5,0,17.75,0.66,Watch
68.2,178.2,312.8,23.3,82.9,1,0.21,0.39,High
193.6,352.5,612.3,39.9,4151.9,0,8.73,0.44,Critical
64.4,103.1,181.9,30.8,1250.3,0,2.98,0.68,Watch
107.1,174.4,394.0,31.0,91.8,0,6.36,0.48,High
106.8,233.1,406.6,48.9,1455.1,1,0.09,0.56,High
81.5,211.8,422.7,14.0,258.4,0,1.68,0.48,High
221.6,441.5,706.6,4.0,354.7,0,10.69,0.48,Critical
194.2,297.6,537.9,44.5,1865.9,0,12.58,0.58,Critical
5.4,11.0,70.3,32.9,764.0,1,10.38,0.53,Low
166.6,375.0,571.1,35.9,3472.5,0,50.0,0.35,Critical
27.2,64.3,105.1,26.5,938.1,0,7.01,0.5,Low
201.1,310.1,552.7,41.8,1296.3,1,1.46,0.6,Critical
120.5,228.6,321.2,32.4,2072.1,0,4.21,0.56,High
32.9,58.4,144.5,41.2,1525.8,1,0.19,0.56,Low
116.8,200.9,409.8,30.0,418.4,1,0.23,0.31,High
68.1,147.2,235.6,4.9,176.5,1,0.25,0.5,Watch
32.3,73.6,132.0,36.1,565.9,0,2.44,0.53,Low
45.0,77.0,145.6,28.7,75.7,1,0.05,0.28,Watch
37.7,91.8,157.0,16.9,1137.5,0,9.15,0.56,Watch
86.0,190.4,358.7,42.8,313.5,0,2.84,0.5,High
44.8,87.9,150.0,17.7,67.7,1,0.05,0.34,Watch
50.6,125.0,189.7,30.8,337.1,1,0.24,0.44,Watch
25.9,68.7,152.0,5.9,302.1,0,22.98,0.49,Low
68.4,203.7,315.4,0.8,45.8,0,27.89,0.41,High
49.3,86.6,160.4,19.1,373.5,0,5.26,0.46,Watch
140.9,304.8,464.5,42.1,398.0,1,0.05,0.5,Critical
120.0,229.1,588.6,30.0,2370.9,0,10.26,0.63,Critical
23.7,68.3,99.5,30.8,405.9,1,0.05,0.49,Low
5.6,26.0,102.9,39.8,754.5,1,21.9,0.46,Low
28.0,53.4,87.4,21.3,270.8,0,4.92,0.49,Low
8.6,48.8,74.4,13.7,475.1,0,8.47,0.58,Low
117.6,223.0,461.5,1.5,94.5,0,38.22,0.39,Critical
54.0,109.6,267.3,39.0,2126.1,0,11.71,0.49,Watch
242.0,449.5,629.8,15.8,296.0,0,3.98,0.51,Critical
129.6,197.1,384.7,35.9,181.9,1,0.21,0.32,High
68.3,124.6,234.5,3.6,97.5,0,50.0,0.46,High
52.2,137.2,179.1,26.6,1865.2,0,40.23,0.46,Watch
89.2,164.7,322.9,54.2,696.9,1,0.1,0.51,High
23.4,40.5,87.3,16.4,229.9,1,0.08,0.47,Low
3.8,42.3,93.2,20.4,1654.9,1,0.65,0.6,Low
197.9,337.6,651.2,19.9,200.2,0,2.52,0.51,Critical
8.9,18.6,106.2,14.9,283.4,1,0.08,0.54,Low
41.6,72.6,124.7,30.6,763.9,1,0.05,0.51,Watch
65.2,151.2,274.2,5.9,57.8,0,14.2,0.44,Watch
128.6,361.8,648.5,25.6,182.0,1,0.67,0.48,Critical
91.2,233.2,417.2,28.9,948.2,0,4.45,0.51,High
65.5,134.8,281.5,34.4,540.7,1,0.08,0.48,Watch
15.2,34.3,106.1,20.3,1236.4,0,2.81,0.46,Low
101.8,153.3,358.2,36.7,908.0,0,16.57,0.52,High
111.0,180.0,318.7,41.4,2994.6,0,11.04,0.55,High
73.0,102.6,185.2,14.6,1101.2,1,7.51,0.55,Watch
21.1,62.5,116.9,20.5,579.7,1,0.63,0.46,Low
138.1,281.2,521.9,9.9,811.6,0,13.96,0.52,Critical
123.1,265.1,360.3,42.1,398.0,1,0.05,0.42,High
175.2,290.6,475.6,31.0,436.0,1,2.83,0.56,Critical
25.8,34.2,81.3,25.1,1590.6,0,7.69,0.65,Low
131.8,280.1,429.0,30.0,2370.9,0,10.26,0.61,Critical
211.2,426.6,618.4,30.1,279.0,1,0.09,0.39,Critical
68.9,116.0,264.0,2.2,260.4,0,11.8,0.5,Watch
87.8,230.6,321.1,30.4,1064.0,0,15.59,0.59,High
115.4,227.6,404.7,40.1,893.7,0,12.71,0.67,High
38.8,117.5,225.0,21.8,149.2,1,2.81,0.41,Watch
16.7,27.3,45.5,11.4,711.4,1,0.06,0.54,Low
255.2,413.0,587.3,42.4,1165.5,1,0.05,0.64,Critical
34.8,67.7,101.2,12.6,235.4,0,6.19,0.46,Low
33.7,105.8,183.2,0.5,768.0,0,15.49,0.5,Watch
106.0,172.4,342.9,53.6,1297.2,1,0.15,0.56,High
14.4,34.1,86.2,21.9,365.6,0,3.57,0.49,Low
96.5,219.3,349.9,14.2,97.3,0,7.3,0.34,High
32.8,66.7,122.9,26.5,1088.4,0,11.46,0.62,Low
217.6,361.6,520.0,28.1,861.7,0,8.85,0.57,Critical
70.3,139.6,371.7,12.3,235.7,0,42.61,0.47,High
9.8,54.0,94.9,49.1,286.0,1,1.86,0.43,Low
188.8,315.2,634.0,21.2,636.6,0,13.05,0.36,Critical
245.5,435.3,600.5,20.4,630.3,1,4.03,0.46,Critical
209.4,423.1,663.3,11.9,421.9,0,4.09,0.47,Critical
110.4,187.2,427.1,39.0,2505.6,0,49.18,0.61,High
98.7,152.4,323.5,38.7,2308.8,0,19.61,0.53,High
12.3,25.6,103.5,19.5,218.2,0,3.22,0.35,Low
149.8,310.3,559.6,25.7,839.3,1,0.15,0.65,Critical
97.7,153.7,380.3,33.0,1044.7,1,0.9,0.52,High
13.2,55.6,138.6,36.6,389.2,1,1.27,0.55,Low
122.8,228.7,410.4,43.8,1995.6,1,2.05,0.57,Critical
66.8,141.5,295.0,19.6,144.3,0,9.26,0.43,High
10.8,49.1,93.3,28.2,615.5,0,19.67,0.54,Low
175.0,377.5,683.9,25.2,551.4,0,15.74,0.56,Critical
124.7,218.8,386.6,19.3,303.8,1,0.05,0.37,High
39.2,120.9,168.1,13.8,102.6,1,0.14,0.39,Watch
48.6,93.1,222.8,9.8,437.1,1,0.05,0.48,Watch
87.9,223.6,366.9,26.6,1865.2,0,40.23,0.51,High
227.4,427.7,759.0,21.3,315.8,1,6.45,0.47,Critical
74.5,129.7,176.7,9.3,204.2,0,42.47,0.36,Watch
62.9,113.0,247.2,30.8,397.4,1,0.13,0.47,Watch
56.6,128.5,281.4,22.9,1208.3,1,2.54,0.57,Watch
204.6,394.5,625.4,7.8,44.2,1,0.18,0.39,Critical
35.7,95.1,167.4,15.7,111.7,1,0.57,0.56,Watch
75.0,140.4,232.1,48.0,3096.4,1,0.18,0.53,Watch
100.9,235.0,474.5,17.1,546.7,0,7.74,0.46,High
57.0,86.1,212.6,48.3,1795.2,1,1.65,0.55,Watch
67.7,152.4,274.8,34.3,424.1,0,13.6,0.42,High
51.9,122.6,264.8,14.4,227.6,0,8.33,0.46,Watch
69.6,213.0,415.6,30.6,2108.9,0,14.29,0.64,High
65.8,126.4,244.4,11.5,339.4,0,5.87,0.52,Watch
190.0,297.5,564.3,19.8,275.6,1,0.25,0.48,Critical
46.2,97.6,254.0,57.9,1280.9,1,0.53,0.54,Watch
186.2,418.8,650.9,41.1,1400.3,0,17.96,0.56,Critical
124.5,320.4,517.6,1.4,60.9,1,0.09,0.47,Critical
33.9,44.1,83.9,16.8,636.2,0,2.46,0.52,Low
34.5,73.1,86.0,14.5,323.0,0,5.97,0.37,Low
117.5,244.6,471.1,38.3,1543.9,1,0.05,0.52,High
78.4,215.8,300.7,7.1,241.0,1,0.68,0.45,High
98.1,171.3,386.6,11.8,546.7,1,0.38,0.55,High
95.7,241.6,429.8,25.2,397.2,0,4.5,0.5,High
35.0,40.9,117.8,28.3,391.2,1,0.05,0.43,Low
40.5,73.0,152.1,0.5,124.9,0,12.18,0.49,Watch
33.4,74.7,195.0,9.3,576.2,0,2.7,0.43,Watch
105.5,252.6,422.0,19.6,868.6,0,1.68,0.48,High
10.9,35.7,52.5,15.9,299.4,1,0.21,0.47,Low
63.5,137.2,215.3,19.6,344.0,0,4.32,0.46,Watch
21.3,26.7,97.5,27.3,1645.9,0,9.01,0.71,Low
65.1,143.4,364.5,23.1,373.3,1,0.2,0.42,High
12.7,25.0,81.2,19.9,868.7,0,13.99,0.6,Low
131.9,320.3,542.2,0.5,63.3,0,35.69,0.38,Critical
55.3,80.7,130.1,27.9,52.9,1,1.14,0.44,Watch
169.6,398.4,659.1,23.2,107.2,1,0.49,0.42,Critical
126.2,250.2,344.0,19.8,165.0,1,0.05,0.4,High
111.7,190.4,310.4,30.8,337.1,1,0.24,0.49,High
17.0,34.0,74.8,35.5,245.7,1,0.98,0.54,Low
246.8,341.2,665.8,6.7,206.1,1,2.75,0.54,Critical
102.8,206.2,381.6,48.2,3083.6,0,50.0,0.48,High
17.7,33.0,108.5,9.6,113.3,0,20.2,0.44,Low
250.8,387.1,735.7,8.4,300.1,0,4.32,0.45,Critical
60.3,119.8,239.3,26.0,342.3,1,0.17,0.49,Watch
14.3,39.3,107.4,34.0,364.5,1,0.52,0.59,Low
65.1,139.9,296.7,35.9,322.7,1,0.57,0.48,Watch
66.4,136.4,243.1,25.7,879.0,0,14.46,0.51,Watch
194.7,424.1,791.6,11.8,546.7,1,0.38,0.48,Critical
164.0,390.0,671.0,21.4,247.7,1,0.19,0.48,Critical
40.2,104.3,228.0,38.4,692.1,1,0.15,0.53,Watch
153.8,305.4,661.1,15.9,626.6,0,4.62,0.43,Critical
49.4,87.3,179.8,0.5,42.1,0,37.3,0.4,Watch
7.9,22.5,65.9,19.1,374.9,1,0.11,0.46,Low
62.8,124.2,207.3,0.5,70.1,0,45.88,0.32,Watch
87.5,212.2,435.1,31.2,491.8,1,0.14,0.47,High
47.8,124.3,197.8,19.8,78.4,1,0.78,0.34,Watch
232.1,359.1,514.2,12.4,1614.7,0,21.86,0.62,Critical
32.0,73.9,219.0,19.7,1063.9,1,0.49,0.5,Watch
121.2,202.1,393.2,3.5,290.3,1,0.29,0.46,High
230.8,441.3,681.0,12.4,154.5,1,1.62,0.48,Critical
66.1,127.7,256.6,3.4,245.7,1,0.22,0.37,Watch
47.2,92.0,135.0,31.1,432.2,1,2.01,0.45,Watch
89.6,169.9,323.4,28.3,257.3,1,0.77,0.57,High
164.2,328.9,574.2,29.6,2148.6,1,6.61,0.63,Critical
67.1,147.8,237.6,2.4,620.4,0,4.12,0.54,Watch
95.5,204.6,426.5,17.9,751.5,0,5.99,0.55,High
118.8,211.6,386.9,6.8,422.9,1,0.05,0.4,High
20.1,59.5,107.4,31.0,243.0,1,0.06,0.45,Low
147.4,377.4,600.1,49.6,837.3,0,6.03,0.54,Critical
7.9,48.4,93.8,38.0,1330.1,0,6.26,0.62,Low
139.8,246.8,523.6,0.6,52.7,0,21.42,0.32,Critical
31.1,53.5,123.3,39.2,718.8,1,1.41,0.49,Low
91.5,170.3,339.5,25.3,88.6,1,0.05,0.42,High
127.6,195.1,303.6,12.9,570.3,0,3.05,0.46,High
75.0,118.6,192.3,31.0,328.1,1,0.07,0.51,Watch
128.2,232.6,402.2,10.9,485.6,0,4.89,0.53,High
148.7,370.9,589.7,17.1,461.2,1,0.42,0.51,Critical
232.0,345.5,489.1,35.3,468.9,0,7.04,0.5,Critical
129.3,184.8,321.6,24.5,141.9,1,3.01,0.48,High
154.8,304.8,631.6,27.3,441.2,1,0.08,0.52,Critical
66.2,146.5,252.6,27.0,498.9,1,0.41,0.37,Watch
5.5,38.1,68.8,25.2,529.3,1,0.05,0.45,Low
254.4,391.4,554.9,34.1,3913.0,0,24.03,0.46,Critical
105.8,192.3,358.0,32.8,470.3,1,0.22,0.47,High
231.0,431.9,674.2,13.8,102.6,1,0.14,0.39,Critical
5.3,12.5,75.8,17.7,60.7,0,16.46,0.33,Low
184.2,293.8,490.4,28.0,937.2,1,7.65,0.49,Critical
71.9,147.0,276.7,29.5,848.5,1,0.15,0.54,Watch
66.5,104.3,169.9,29.1,535.9,0,5.74,0.58,Watch
238.7,386.8,604.4,26.4,310.9,0,7.45,0.44,Critical
70.7,105.9,189.9,17.6,1030.8,0,4.61,0.6,Watch
199.9,378.6,691.2,7.7,622.7,0,23.69,0.44,Critical
33.8,118.0,181.2,18.6,1041.6,0,4.96,0.58,Watch
15.2,54.4,99.0,37.6,1186.3,1,0.05,0.58,Low
124.0,252.2,335.3,16.9,1951.1,0,9.91,0.51,High
74.6,140.5,225.0,11.6,251.4,1,0.17,0.46,Watch
246.8,480.5,639.1,11.8,754.2,0,9.15,0.41,Critical
12.4,29.6,51.8,30.9,272.6,0,2.86,0.39,Low
18.6,26.9,86.5,41.9,963.2,1,0.26,0.54,Low
17.8,30.0,78.9,0.5,777.1,0,30.34,0.46,Low
42.0,116.8,181.5,38.1,3278.5,0,16.34,0.63,Watch
30.2,116.1,168.9,27.3,386.8,1,0.17,0.53,Watch
6.9,32.3,79.2,35.5,278.1,1,0.29,0.42,Low
35.0,67.5,203.7,9.6,1431.6,0,2.68,0.6,Watch
49.0,88.9,152.9,21.4,3097.8,0,21.17,0.48,Watch
114.7,200.4,324.2,30.4,887.4,1,0.19,0.51,High
68.3,124.7,214.6,29.6,4117.0,0,15.57,0.38,Watch
114.1,231.3,396.3,30.4,427.4,1,0.76,0.41,High
48.5,134.3,180.1,30.7,308.2,1,0.53,0.45,Watch
194.7,383.1,614.8,25.3,83.6,1,0.05,0.45,Critical
25.0,55.6,91.2,28.4,535.3,1,0.6,0.45,Low
68.5,163.0,250.9,38.7,886.3,1,0.09,0.54,High
226.1,390.8,605.2,26.0,245.4,1,0.14,0.45,Critical
2.2,10.1,43.3,31.9,105.4,1,0.05,0.43,Low
134.8,259.1,610.9,7.8,300.4,1,0.36,0.54,Critical
95.4,234.2,416.8,0.6,143.9,0,1.89,0.31,High
109.0,229.3,462.2,12.4,756.4,1,9.06,0.43,High
125.7,262.7,410.2,11.3,303.0,1,0.1,0.37,High
119.8,206.0,391.7,27.1,680.1,0,4.03,0.55,High
56.0,122.7,264.7,18.2,681.4,0,6.87,0.44,Watch
178.2,380.5,719.2,28.4,512.9,0,8.43,0.44,Critical
166.1,305.0,558.4,34.2,1670.9,1,0.78,0.62,Critical
16.2,40.0,62.6,19.4,858.9,0,7.41,0.51,Low
37.2,120.4,209.0,27.8,388.0,0,2.82,0.5,Watch
71.0,118.5,233.1,10.8,1141.5,0,20.03,0.51,Watch
14.8,33.6,110.5,30.2,685.2,1,2.38,0.53,Low
80.7,151.5,271.6,34.8,915.1,0,1.59,0.56,High
61.9,88.3,132.7,9.0,229.8,0,4.05,0.43,Watch
4.6,23.8,93.7,0.5,20.0,0,28.6,0.41,Low
120.8,240.9,385.2,30.7,116.8,0,6.86,0.46,High
67.6,216.0,357.4,0.5,129.8,0,44.02,0.4,High
41.7,108.0,202.5,38.6,1972.3,0,2.79,0.56,Watch
119.3,195.8,347.6,14.5,148.3,0,4.06,0.43,High
200.7,366.5,510.9,23.1,3661.7,0,8.57,0.55,Critical
72.0,121.9,249.4,42.1,607.6,1,0.8,0.52,Watch
12.0,35.7,67.5,8.9,127.8,1,0.14,0.49,Low
35.4,112.6,182.2,45.7,2087.2,1,9.98,0.54,Watch
178.3,363.4,611.4,35.4,968.2,1,0.12,0.52,Critical
67.2,167.0,271.8,44.6,279.5,1,0.43,0.5,High
117.8,353.8,546.9,26.8,1127.0,0,7.15,0.6,Critical
8.0,36.0,97.0,7.3,102.7,1,0.05,0.41,Low
81.8,172.4,326.1,1.4,210.4,0,9.35,0.5,High
59.2,85.4,203.8,21.4,364.0,1,0.05,0.52,Watch
34.8,59.1,129.6,29.5,1163.9,0,18.4,0.5,Low
6.2,25.5,82.9,0.8,91.1,0,50.0,0.45,Low
161.6,401.4,780.4,22.0,117.8,1,0.05,0.39,Critical
41.8,71.1,114.5,34.6,3123.1,0,7.23,0.61,Watch
112.1,183.3,280.1,30.3,1413.7,0,13.76,0.61,High
77.4,179.1,404.4,36.1,798.7,1,0.07,0.53,High
115.2,214.4,419.9,38.0,1254.0,1,0.26,0.6,High
91.7,189.9,281.1,33.8,2807.9,0,17.22,0.63,High
113.9,255.1,423.7,39.2,630.5,1,2.32,0.48,High
37.3,93.9,222.5,5.1,309.4,1,3.16,0.46,Watch
112.9,240.3,425.3,33.3,456.1,0,8.23,0.45,High
27.6,43.2,127.8,26.1,189.8,1,0.59,0.49,Low
52.8,82.8,159.5,24.5,789.9,1,15.71,0.58,Watch
71.8,218.0,440.4,31.6,2139.1,0,20.38,0.56,High
85.7,208.8,334.8,29.5,666.4,1,0.05,0.53,High
220.8,372.5,663.5,14.7,259.2,1,0.11,0.44,Critical
